K,lr,weight_decay,hidden_channels,heads,val_loss,val_avg_distance,test_avg_distance
7,0.005,5e-05,128,2,0.0007966530392877758,0.3445618748664856,0.5146514177322388
7,0.01,5e-05,32,3,0.0008297436288557947,0.3521104156970978,0.3918648362159729
8,0.005,1e-05,32,2,0.0008294119033962488,0.35382962226867676,0.4296969473361969
8,0.005,1e-05,64,1,0.0008207258651964366,0.35556039214134216,0.3987235426902771
8,0.005,5e-05,128,2,0.0008664948400110006,0.358521044254303,0.3767091929912567
8,0.001,1e-05,128,1,0.0008084661094471812,0.35941895842552185,0.37558290362358093
8,0.005,0.0001,32,1,0.0008284611394628882,0.36192384362220764,0.3918943405151367
8,0.005,5e-05,32,3,0.0008922345004975796,0.3632332384586334,0.3827647864818573
7,0.005,1e-05,128,2,0.000840919092297554,0.36370453238487244,0.42064061760902405
8,0.01,1e-05,64,1,0.00085909926565364,0.36392951011657715,0.3994220495223999
8,0.005,1e-05,32,1,0.0008395270560868084,0.36456388235092163,0.3729439973831177
8,0.005,1e-05,128,1,0.0008114873780868948,0.3655025362968445,0.42122215032577515
8,0.005,1e-05,64,2,0.0008448291919194162,0.3670147657394409,0.3818491995334625
8,0.005,1e-05,32,3,0.0008713723509572446,0.367103636264801,0.39395010471343994
7,0.01,0.0001,64,2,0.0009138322784565389,0.367389053106308,0.479155957698822
7,0.01,1e-05,64,2,0.0009211169672198594,0.36936071515083313,0.3830282390117645
7,0.01,1e-05,128,2,0.0008635231060907245,0.36973440647125244,0.47086644172668457
7,0.005,5e-05,32,3,0.0009292085887864232,0.3715275526046753,0.38661810755729675
7,0.01,5e-05,128,1,0.0008935483056120574,0.37210118770599365,0.374885618686676
7,0.005,0.0001,32,1,0.000913729949388653,0.37312185764312744,0.4354812502861023
8,0.01,1e-05,32,1,0.0009267822606489062,0.37442442774772644,0.44348812103271484
8,0.01,5e-05,32,1,0.0008941635605879128,0.3749714195728302,0.4361298680305481
8,0.01,1e-05,128,2,0.0009016781114041805,0.3752376139163971,0.42654916644096375
8,0.005,5e-05,64,1,0.0009064502082765102,0.3765702545642853,0.3947122395038605
7,0.005,5e-05,128,1,0.000916847784537822,0.3775840699672699,0.46589937806129456
7,0.001,1e-05,128,2,0.0008914847858250141,0.37780317664146423,0.4040100574493408
7,0.005,5e-05,64,2,0.001001668395474553,0.3785642087459564,0.4037923216819763
6,0.001,0.0001,128,1,0.0009733816841617227,0.3786616623401642,0.4387764632701874
7,0.01,1e-05,128,1,0.0009198372135870159,0.37892845273017883,0.48249292373657227
7,0.005,1e-05,64,3,0.0009904655162245035,0.3791193962097168,0.40346139669418335
8,0.01,5e-05,128,1,0.0009266849374398589,0.37967729568481445,0.5139845609664917
8,0.005,0.0001,32,3,0.0009867044864222407,0.37986135482788086,0.4099086821079254
7,0.01,0.0001,64,1,0.0009263762040063739,0.3809632658958435,0.4282582700252533
7,0.001,1e-05,128,1,0.0009337763767689466,0.38139966130256653,0.3920784294605255
7,0.005,1e-05,128,1,0.0009462133166380227,0.3816526532173157,0.37798258662223816
7,0.005,0.0001,64,2,0.0009323313133791089,0.382580041885376,0.42634910345077515
7,0.01,5e-05,64,1,0.0009769088355824351,0.3830913007259369,0.5227225422859192
6,0.01,1e-05,128,2,0.0009302750695496798,0.38434359431266785,0.5807085037231445
8,0.01,1e-05,128,1,0.0009219183120876551,0.3846217691898346,0.4862819314002991
8,0.005,5e-05,32,1,0.0009693923057056963,0.3854438066482544,0.3997856378555298
7,0.01,1e-05,128,3,0.001005534315481782,0.3860975503921509,0.4963938891887665
7,0.005,1e-05,32,3,0.0010088481940329075,0.38670700788497925,0.4284699559211731
8,0.005,1e-05,128,3,0.0009399891714565456,0.3868788480758667,0.4911767840385437
7,0.01,1e-05,32,3,0.0009720162488520145,0.38781118392944336,0.4172910153865814
8,0.005,1e-05,128,2,0.0009645132813602686,0.3881814777851105,0.5179086327552795
8,0.001,1e-05,128,2,0.000981594668701291,0.3900681734085083,0.39731937646865845
7,0.005,5e-05,32,1,0.0009490556549280882,0.390583336353302,0.3802279233932495
7,0.005,0.0001,128,1,0.0010839850874617696,0.39081087708473206,0.39569196105003357
7,0.005,1e-05,64,1,0.0009942138567566872,0.39145249128341675,0.4195611774921417
7,0.001,1e-05,64,3,0.0010130100417882204,0.3921353816986084,0.4359794557094574
7,0.005,1e-05,64,2,0.0009801220148801804,0.3923496901988983,0.4502694308757782
6,0.001,1e-05,128,2,0.0009801104897633195,0.39291247725486755,0.39920705556869507
7,0.001,5e-05,128,3,0.0010520444484427571,0.393362820148468,0.41577258706092834
7,0.001,5e-05,64,3,0.0010110263247042894,0.3947719633579254,0.39636850357055664
7,0.005,5e-05,32,2,0.0011141697177663445,0.3950161635875702,0.43116217851638794
5,0.001,1e-05,64,3,0.001080149319022894,0.3964020609855652,0.41110312938690186
5,0.005,5e-05,64,2,0.0010351381497457623,0.39679577946662903,0.5800708532333374
7,0.001,0.0001,64,3,0.0010891417041420937,0.39729365706443787,0.41330990195274353
7,0.01,0.0001,32,1,0.0010197911178693175,0.3977421522140503,0.44499123096466064
8,0.005,0.0001,64,2,0.0010101214284077287,0.3985120356082916,0.5410919785499573
8,0.005,1e-05,64,3,0.001040458446368575,0.398999959230423,0.43811020255088806
6,0.005,1e-05,32,3,0.0010495696915313601,0.3991432189941406,0.44659993052482605
7,0.005,1e-05,32,2,0.0010189736494794488,0.39927345514297485,0.41117551922798157
8,0.001,1e-05,64,2,0.001035779365338385,0.399292528629303,0.3956148326396942
8,0.001,1e-05,32,2,0.0010302664013579488,0.3996932804584503,0.41277897357940674
6,0.005,1e-05,64,1,0.001035706838592887,0.3996989130973816,0.39730146527290344
6,0.001,1e-05,128,3,0.0010293325176462531,0.401231974363327,0.3913698196411133
5,0.005,1e-05,64,1,0.0011115820379927754,0.4012777507305145,0.4472105801105499
8,0.01,5e-05,32,3,0.0010779823642224073,0.40141767263412476,0.398937463760376
6,0.01,1e-05,32,1,0.0010217474773526192,0.4035910367965698,0.42750266194343567
8,0.001,5e-05,128,2,0.0010458827018737793,0.4036102592945099,0.41636988520622253
7,0.005,5e-05,64,1,0.0010618914384394884,0.4046233594417572,0.4442586898803711
7,0.001,0.0001,128,3,0.0011407542042434216,0.40462955832481384,0.42631497979164124
6,0.005,5e-05,128,1,0.0011275148717686534,0.4048067331314087,0.5575721859931946
7,0.005,0.0001,128,3,0.0011148847406730056,0.40493011474609375,0.4966996908187866
7,0.005,0.0001,128,2,0.0010510727297514677,0.405416876077652,0.4239991307258606
5,0.01,0.0001,32,2,0.0010640161344781518,0.40560182929039,0.4846325218677521
7,0.005,1e-05,32,1,0.0010796126443892717,0.40564823150634766,0.4073547422885895
5,0.005,5e-05,64,3,0.0010815771529451013,0.4058700203895569,0.4712807536125183
5,0.001,5e-05,128,1,0.0011249169474467635,0.4058833718299866,0.45905160903930664
6,0.01,1e-05,64,2,0.0010879794135689735,0.4071958661079407,0.4747890532016754
7,0.001,5e-05,64,2,0.001192503492347896,0.4076635539531708,0.4530693590641022
7,0.001,1e-05,64,2,0.0011678618611767888,0.4076693058013916,0.4461379647254944
7,0.001,1e-05,128,3,0.0010800879681482911,0.4077001214027405,0.3934329152107239
5,0.005,1e-05,128,2,0.0010314738610759377,0.40857598185539246,0.46059730648994446
5,0.001,1e-05,128,2,0.0011012217728421092,0.40905433893203735,0.46618321537971497
5,0.005,0.0001,32,1,0.0011208063224330544,0.4092023968696594,0.46376824378967285
8,0.01,1e-05,64,2,0.0010819226736202836,0.4094480872154236,0.4418949484825134
5,0.005,1e-05,64,3,0.0011063908459618688,0.40960589051246643,0.48627999424934387
8,0.001,0.0001,32,2,0.0010983413085341454,0.40963324904441833,0.393993616104126
8,0.001,1e-05,32,1,0.0012048083590343595,0.4098573923110962,0.40618011355400085
7,0.001,5e-05,128,1,0.0011218623258173466,0.41019752621650696,0.4021185338497162
8,0.001,5e-05,64,3,0.0010978011414408684,0.4103538990020752,0.3935126066207886
7,0.001,0.0001,64,2,0.0012212684378027916,0.41062283515930176,0.44941917061805725
6,0.001,5e-05,128,3,0.0011237113503739238,0.41095006465911865,0.39987969398498535
5,0.01,1e-05,64,2,0.0011216639541089535,0.4109535217285156,0.5875635147094727
6,0.005,5e-05,128,2,0.0011471473844721913,0.41107675433158875,0.41962045431137085
7,0.005,0.0001,64,1,0.0011034971103072166,0.41150718927383423,0.4578726291656494
7,0.001,5e-05,128,2,0.0011772045399993658,0.4117908775806427,0.4450914263725281
8,0.001,1e-05,64,3,0.0011337237665429711,0.4121944010257721,0.3860135078430176
5,0.005,5e-05,32,2,0.0011802042135968804,0.4130224883556366,0.44714033603668213
5,0.005,5e-05,128,1,0.0010924318339675665,0.4130387008190155,0.5263931155204773
5,0.01,0.0001,128,2,0.0011398198548704386,0.4137224555015564,0.6065670251846313
7,0.01,1e-05,64,1,0.0011345057282596827,0.4137626886367798,0.5228778719902039
8,0.001,5e-05,64,2,0.0011409641010686755,0.41458895802497864,0.4070179760456085
5,0.01,1e-05,64,1,0.0010884262155741453,0.414966344833374,0.48803356289863586
5,0.005,5e-05,64,1,0.0010831736726686358,0.4150182008743286,0.45066598057746887
6,0.005,1e-05,128,3,0.00117751385550946,0.41516780853271484,0.4582673907279968
7,0.005,1e-05,128,3,0.001062488416209817,0.4152008593082428,0.459302693605423
8,0.01,1e-05,32,2,0.0011846000561490655,0.4152323305606842,0.4091327488422394
5,0.005,0.0001,128,2,0.0011976455571129918,0.41532763838768005,0.5154888033866882
7,0.001,0.0001,64,1,0.0011690749088302255,0.41544219851493835,0.3999958038330078
5,0.005,5e-05,32,3,0.0012026511831209064,0.41551584005355835,0.47062861919403076
6,0.01,0.0001,32,3,0.0011356754694133997,0.41578230261802673,0.4173029065132141
5,0.001,1e-05,128,1,0.001149918301962316,0.41594985127449036,0.4718712866306305
6,0.01,1e-05,32,2,0.0010689806658774614,0.41604745388031006,0.3905448615550995
5,0.005,5e-05,32,1,0.0011051150504499674,0.41635662317276,0.43377265334129333
8,0.01,0.0001,128,1,0.0011246602516621351,0.41745689511299133,0.4480198621749878
5,0.01,5e-05,32,3,0.0011547919129952788,0.41751062870025635,0.508108913898468
6,0.005,0.0001,64,1,0.0011561837745830417,0.4176352322101593,0.4330662786960602
5,0.005,5e-05,128,3,0.0011913005728274584,0.41788211464881897,0.48882222175598145
6,0.005,0.0001,64,3,0.0011438345536589622,0.4178991913795471,0.42277032136917114
7,0.005,5e-05,64,3,0.0011905174469575286,0.41814202070236206,0.4370177388191223
7,0.01,5e-05,64,3,0.0010698795085772872,0.4181464612483978,0.5156325697898865
6,0.001,5e-05,64,2,0.001186251174658537,0.4181676506996155,0.42388370633125305
5,0.001,0.0001,128,1,0.0011533439392223954,0.4183380603790283,0.4616565406322479
5,0.005,1e-05,128,1,0.001119228545576334,0.41892680525779724,0.4281553328037262
5,0.01,0.0001,64,1,0.0011346752289682627,0.41929319500923157,0.5427240133285522
6,0.01,5e-05,32,2,0.0011554587399587035,0.419342964887619,0.4963913559913635
8,0.001,5e-05,32,2,0.001096387393772602,0.41966381669044495,0.40661385655403137
6,0.01,5e-05,32,3,0.001172659802250564,0.42006146907806396,0.4643901288509369
6,0.01,0.0001,32,1,0.0011479039676487446,0.4200817048549652,0.43634232878685
5,0.005,0.0001,64,1,0.0012038100976496935,0.42025667428970337,0.4358289837837219
8,0.001,0.0001,64,2,0.001183575252071023,0.42042794823646545,0.409259557723999
8,0.01,0.0001,32,1,0.001160545740276575,0.4209042489528656,0.41632315516471863
7,0.01,0.0001,128,1,0.0011023249244317412,0.42095664143562317,0.5629398226737976
6,0.001,1e-05,64,1,0.001150318537838757,0.42096367478370667,0.4185604453086853
6,0.01,1e-05,128,3,0.0011211036471650004,0.42104485630989075,0.4727357029914856
8,0.01,1e-05,64,3,0.0011773298028856516,0.4217436909675598,0.4704151451587677
6,0.01,1e-05,64,3,0.0011676100548356771,0.42182162404060364,0.43817636370658875
5,0.001,1e-05,64,2,0.001135907950811088,0.42201000452041626,0.4386981129646301
6,0.01,5e-05,64,3,0.0011976161040365696,0.4220598638057709,0.44597968459129333
5,0.005,1e-05,64,2,0.0011117205722257495,0.42215797305107117,0.4737164080142975
8,0.001,0.0001,128,1,0.0011750479461625218,0.42260363698005676,0.44607895612716675
5,0.01,5e-05,64,2,0.0011751337442547083,0.4228397011756897,0.5540503263473511
7,0.01,5e-05,32,1,0.0012482578167691827,0.42290979623794556,0.4905918836593628
7,0.01,1e-05,64,3,0.0011942788260057569,0.42301931977272034,0.420723557472229
6,0.01,1e-05,128,1,0.0011463764822110534,0.42318472266197205,0.6141484975814819
5,0.01,5e-05,32,1,0.0011872787727043033,0.4232338070869446,0.44266435503959656
6,0.001,1e-05,32,1,0.0012394929071888328,0.4234723746776581,0.41242536902427673
7,0.001,0.0001,32,3,0.0012107504298910499,0.4237516224384308,0.43860673904418945
7,0.001,0.0001,128,1,0.0011628022184595466,0.4240535795688629,0.40251055359840393
5,0.001,0.0001,64,2,0.0011759352637454867,0.4242386519908905,0.4549559950828552
5,0.005,5e-05,128,2,0.0011648930376395583,0.4243021309375763,0.4784342646598816
7,0.001,1e-05,32,2,0.001194135518744588,0.424337774515152,0.4354996085166931
6,0.005,5e-05,64,2,0.0011705891229212284,0.4249004125595093,0.5059638619422913
5,0.001,1e-05,128,3,0.001229737652465701,0.42546790838241577,0.44902175664901733
7,0.01,5e-05,64,2,0.0011961987474933267,0.4256558418273926,0.4973457455635071
6,0.005,1e-05,32,2,0.0011546630412340164,0.4261661767959595,0.47378313541412354
6,0.001,1e-05,64,3,0.0011888211593031883,0.42644160985946655,0.4252932667732239
6,0.005,1e-05,128,2,0.001150714815594256,0.42653414607048035,0.42038464546203613
6,0.001,5e-05,128,1,0.0011561892461031675,0.4267837405204773,0.4035395681858063
5,0.005,0.0001,32,3,0.0011992400977760553,0.4270455241203308,0.45593729615211487
5,0.01,5e-05,64,1,0.0011880302336066961,0.42729559540748596,0.4608341455459595
7,0.001,1e-05,32,3,0.0012473128736019135,0.42732521891593933,0.42406588792800903
5,0.005,1e-05,128,3,0.0011722621275112033,0.4277559220790863,0.5813480615615845
6,0.001,0.0001,32,2,0.001196593977510929,0.42778000235557556,0.4201940894126892
6,0.001,1e-05,64,2,0.0012398617109283805,0.42796850204467773,0.4062792658805847
8,0.01,1e-05,128,3,0.001201330334879458,0.4281051456928253,0.6506897211074829
5,0.01,1e-05,32,1,0.00115818134509027,0.4283779561519623,0.4289284646511078
8,0.001,0.0001,128,2,0.0011870553717017174,0.42859509587287903,0.4442107379436493
5,0.005,0.0001,64,2,0.0011909350287169218,0.4287629723548889,0.4739857017993927
5,0.001,5e-05,128,3,0.0012489630607888103,0.42928624153137207,0.4760356545448303
8,0.01,0.0001,32,3,0.0011788815027102828,0.42946377396583557,0.609049916267395
7,0.001,0.0001,128,2,0.0011609201319515705,0.42996078729629517,0.44059041142463684
6,0.005,5e-05,64,1,0.0012189589906483889,0.43042200803756714,0.4658373296260834
6,0.005,5e-05,128,3,0.0012652045115828514,0.430611789226532,0.4751141369342804
7,0.001,5e-05,32,1,0.001225210027769208,0.4312310516834259,0.44701918959617615
6,0.01,1e-05,64,1,0.0012301754904910922,0.43126028776168823,0.44146808981895447
7,0.005,5e-05,128,3,0.0012752478942275047,0.4314001798629761,0.4844508171081543
8,0.01,5e-05,64,2,0.0012070615775883198,0.431490957736969,0.504944920539856
6,0.01,0.0001,128,2,0.0012368884636089206,0.43178388476371765,0.4367804229259491
8,0.001,1e-05,128,3,0.0012944843620061874,0.4323650598526001,0.41250792145729065
5,0.005,0.0001,128,1,0.0012139411410316825,0.43267834186553955,0.5404698848724365
8,0.01,1e-05,32,3,0.001233138726092875,0.43308740854263306,0.5543621182441711
5,0.005,1e-05,32,1,0.0012305083218961954,0.43316274881362915,0.47076615691185
8,0.005,5e-05,128,1,0.001202370971441269,0.43349912762641907,0.3846680521965027
6,0.001,0.0001,64,1,0.0012595388107001781,0.43395835161209106,0.40613114833831787
5,0.005,0.0001,32,2,0.0012038368731737137,0.4343360662460327,0.4884769916534424
5,0.005,1e-05,32,2,0.0012117609148845077,0.4345041811466217,0.4868139326572418
6,0.01,0.0001,64,1,0.0012191430432721972,0.4349101185798645,0.4027576446533203
7,0.01,0.0001,32,3,0.0013113711029291153,0.4349389374256134,0.4332548975944519
5,0.001,5e-05,64,3,0.0012639483902603388,0.43497341871261597,0.4611876904964447
5,0.001,5e-05,32,2,0.0011937929084524512,0.43512704968452454,0.4680517911911011
6,0.01,5e-05,32,1,0.0012207388645038009,0.43596500158309937,0.46042999625205994
6,0.001,1e-05,128,1,0.001209485693834722,0.4366574287414551,0.4057729244232178
5,0.01,0.0001,32,3,0.0012852117652073503,0.43756404519081116,0.48269322514533997
5,0.001,1e-05,64,1,0.001272579305805266,0.4385039210319519,0.4812741279602051
7,0.001,0.0001,32,1,0.0013001170009374619,0.4385318458080292,0.46377891302108765
5,0.01,5e-05,32,2,0.0012592403218150139,0.4385814666748047,0.6044628620147705
5,0.001,0.0001,64,3,0.0013282857835292816,0.4387592077255249,0.4694337248802185
8,0.001,0.0001,64,3,0.0013171512400731444,0.43930840492248535,0.40885135531425476
5,0.001,5e-05,128,2,0.001263139769434929,0.43970319628715515,0.4772402346134186
7,0.01,1e-05,32,1,0.001332441926933825,0.4407278895378113,0.44816523790359497
7,0.001,5e-05,32,3,0.0012533983681350946,0.4409117102622986,0.4362819790840149
7,0.001,5e-05,32,2,0.0012602744391188025,0.4410387873649597,0.4155852198600769
5,0.001,0.0001,32,2,0.0012894034152850509,0.44138240814208984,0.46284598112106323
6,0.005,1e-05,64,2,0.0012914134422317147,0.44138970971107483,0.41971492767333984
5,0.001,0.0001,128,2,0.0012938876170665026,0.44189900159835815,0.4495072066783905
5,0.01,0.0001,64,2,0.00130018952768296,0.4419459104537964,0.5117015242576599
7,0.001,1e-05,32,1,0.0013045606901869178,0.4424965977668762,0.39413735270500183
8,0.01,5e-05,64,1,0.0012891455553472042,0.44320252537727356,0.4800518751144409
8,0.001,0.0001,128,3,0.0012800948461517692,0.44348451495170593,0.4514065980911255
6,0.005,0.0001,32,1,0.0012940523447468877,0.4434862434864044,0.41225704550743103
5,0.001,5e-05,32,1,0.0012964591151103377,0.44389405846595764,0.4575997292995453
5,0.001,0.0001,32,3,0.0013338018907234073,0.44410398602485657,0.48239627480506897
6,0.01,5e-05,64,1,0.0013340397272258997,0.4445728063583374,0.4360727369785309
5,0.001,1e-05,32,2,0.0012823931174352765,0.4449257254600525,0.4716605246067047
5,0.001,0.0001,128,3,0.0013122702948749065,0.4453108012676239,0.5083993077278137
8,0.005,0.0005,32,1,0.0012851643841713667,0.44585928320884705,0.44251197576522827
7,0.001,0.0001,32,2,0.0013182276161387563,0.44609335064888,0.4526503384113312
5,0.001,0.0001,64,1,0.0013304345775395632,0.4466295540332794,0.47283318638801575
5,0.005,0.0001,64,3,0.0013035236625000834,0.44672152400016785,0.49576762318611145
5,0.005,0.0005,64,2,0.0012916885316371918,0.44681206345558167,0.5085532665252686
5,0.01,0.0001,32,1,0.0013088014675304294,0.4472222328186035,0.4369027018547058
5,0.001,1e-05,32,3,0.0013275229139253497,0.44729262590408325,0.46487924456596375
5,0.001,0.0001,32,1,0.001344604417681694,0.4473104476928711,0.454361230134964
7,0.001,0.0005,64,3,0.0014128885231912136,0.44817137718200684,0.47157663106918335
8,0.001,5e-05,128,3,0.0012866336619481444,0.448193222284317,0.42807117104530334
6,0.005,1e-05,32,1,0.0012853662483394146,0.4482639729976654,0.42669978737831116
5,0.01,1e-05,32,3,0.0012823038268834352,0.44845059514045715,0.7922764420509338
6,0.001,0.0001,32,1,0.001349523663520813,0.4491254687309265,0.41828036308288574
8,0.01,5e-05,64,3,0.001372191240079701,0.4492605924606323,0.42453068494796753
6,0.01,5e-05,64,2,0.0012890947982668877,0.4493911862373352,0.5314021706581116
5,0.001,5e-05,64,1,0.0013592548202723265,0.4497903883457184,0.4718320369720459
8,0.01,5e-05,128,2,0.0013034461298957467,0.4514004588127136,0.42966845631599426
7,0.005,0.0001,32,2,0.0012479114811867476,0.45158129930496216,0.46553531289100647
6,0.005,0.0001,128,2,0.001329688006080687,0.4517323970794678,0.4243500232696533
7,0.001,5e-05,64,1,0.00135168491397053,0.45228293538093567,0.42773085832595825
5,0.001,1e-05,32,1,0.0013242056593298912,0.45237109065055847,0.4620647132396698
7,0.005,0.0005,32,1,0.0014877236681059003,0.45383113622665405,0.49316728115081787
6,0.01,5e-05,128,1,0.0012752090115100145,0.45428943634033203,0.4570523202419281
6,0.005,0.0001,128,1,0.0014639354776591063,0.45446860790252686,0.5128836035728455
7,0.001,1e-05,64,1,0.0013806200586259365,0.4549493193626404,0.4419653117656708
7,0.01,5e-05,32,2,0.0014266063226386905,0.45537644624710083,0.6832066178321838
8,0.01,0.0001,64,1,0.0013842991320416331,0.45544081926345825,0.4199954569339752
5,0.005,0.0005,128,2,0.0013446415541693568,0.45611220598220825,0.5585384368896484
5,0.001,5e-05,32,3,0.001397399348206818,0.4562937021255493,0.47415977716445923
8,0.01,5e-05,32,2,0.0013569343136623502,0.45642924308776855,0.591708779335022
6,0.01,1e-05,32,3,0.0012779510580003262,0.45653679966926575,0.6717838644981384
5,0.01,1e-05,32,2,0.0013563930988311768,0.4570876657962799,0.4796086549758911
7,0.01,5e-05,128,2,0.0013659032993018627,0.4589270353317261,0.6014842987060547
8,0.005,0.0001,128,1,0.0013805534690618515,0.46066948771476746,0.47817370295524597
8,0.005,5e-05,128,3,0.0013697055401280522,0.46205848455429077,0.5054810643196106
6,0.001,5e-05,64,3,0.0015193445142358541,0.46335339546203613,0.4111621081829071
6,0.005,0.0001,32,3,0.0014035268686711788,0.4638376832008362,0.45172449946403503
8,0.005,5e-05,64,2,0.0013658020179718733,0.4643661081790924,0.5137310028076172
7,0.01,0.0001,32,2,0.00151360675226897,0.46520760655403137,0.44795718789100647
6,0.005,5e-05,32,1,0.0013278615660965443,0.46560922265052795,0.4255761206150055
7,0.01,1e-05,32,2,0.0014685520436614752,0.4658803641796112,0.6684861183166504
7,0.01,0.0001,128,2,0.0016273229848593473,0.4660522937774658,0.5251914262771606
6,0.01,5e-05,128,2,0.0014297094894573092,0.46629512310028076,0.46438068151474
8,0.001,1e-05,32,3,0.0014671519165858626,0.466609925031662,0.4368571639060974
8,0.01,0.0001,32,2,0.0014391901204362512,0.46678340435028076,0.4924011826515198
7,0.001,0.0005,128,3,0.001494962489232421,0.4668780267238617,0.47107189893722534
8,0.001,0.0001,32,1,0.0014346841489896178,0.46739664673805237,0.41730114817619324
6,0.01,0.0001,64,2,0.0014645378105342388,0.4683859348297119,0.4724489450454712
8,0.001,5e-05,128,1,0.001459643361158669,0.46844998002052307,0.44833996891975403
6,0.005,1e-05,128,1,0.0014067249139770865,0.4687073528766632,0.509885847568512
6,0.005,1e-05,64,3,0.0014598030829802155,0.46912792325019836,0.4274350702762604
5,0.01,5e-05,64,3,0.001408889191225171,0.4694215655326843,0.4715428948402405
8,0.005,5e-05,64,3,0.0014627708587795496,0.469884991645813,0.5027693510055542
7,0.005,0.0001,64,3,0.001486336113885045,0.47031304240226746,0.4641993045806885
5,0.01,0.0001,64,3,0.0014563313452526927,0.4711781144142151,0.4694128632545471
8,0.001,5e-05,32,3,0.001518507837317884,0.4712297320365906,0.43779775500297546
8,0.001,5e-05,32,1,0.0014417058555409312,0.47126731276512146,0.4245232939720154
6,0.01,0.0005,32,3,0.001548111205920577,0.47160041332244873,0.804980456829071
6,0.01,0.0001,64,3,0.0015495053958147764,0.4731671214103699,0.49539899826049805
8,0.001,0.0001,32,3,0.0015713529428467155,0.4742806553840637,0.4420117437839508
8,0.005,0.0001,64,1,0.0015125919599086046,0.4745715260505676,0.45107147097587585
5,0.01,0.0001,128,1,0.0014149006456136703,0.47654274106025696,0.577873706817627
6,0.001,0.0001,64,3,0.0016375078121200204,0.47741803526878357,0.43994778394699097
6,0.001,5e-05,128,2,0.0015288358554244041,0.47812768816947937,0.47178444266319275
8,0.005,0.0001,64,3,0.0014726117951795459,0.47836941480636597,0.45893192291259766
8,0.01,0.0001,128,3,0.0014228622894734144,0.4791940152645111,0.43135276436805725
5,0.01,0.0005,32,1,0.001567523693665862,0.4798525869846344,0.5222036242485046
8,0.01,0.0001,64,2,0.0015007290057837963,0.4801694452762604,0.6746016144752502
6,0.01,0.0005,32,1,0.0016314260428771377,0.4819042384624481,0.505477786064148
6,0.01,5e-05,128,3,0.0014295218279585242,0.48234301805496216,0.5998105406761169
7,0.01,0.0001,64,3,0.0015044881729409099,0.4825145900249481,0.7364388108253479
6,0.001,0.0001,64,2,0.001539880409836769,0.48320046067237854,0.4348137378692627
8,0.005,0.0001,128,2,0.0016035155858844519,0.48321521282196045,0.4631936848163605
5,0.001,5e-05,64,2,0.0016107072588056326,0.4832799434661865,0.4881382882595062
8,0.001,0.0005,64,3,0.001664679148234427,0.484040766954422,0.4513285160064697
6,0.005,5e-05,32,2,0.0015020687133073807,0.4844530522823334,0.5108632445335388
5,0.01,1e-05,128,2,0.0015606415690854192,0.48448866605758667,0.5294520258903503
7,0.001,0.0005,32,3,0.0016090372810140252,0.4869801998138428,0.4817764163017273
8,0.01,0.0005,32,1,0.0015982023905962706,0.48762696981430054,0.4865265488624573
7,0.001,0.0005,32,2,0.0015218165935948491,0.48922163248062134,0.43486684560775757
5,0.01,1e-05,128,3,0.0016207422595471144,0.4898134469985962,0.6179265975952148
8,0.01,0.0001,128,2,0.0015924962935969234,0.4899061918258667,0.8351492881774902
6,0.005,5e-05,64,3,0.0015318277291953564,0.49021098017692566,0.6383416056632996
6,0.005,5e-05,32,3,0.0015141753247007728,0.4911799430847168,0.5098533630371094
6,0.005,0.0005,32,1,0.0015526958741247654,0.49424004554748535,0.53988116979599
6,0.01,0.0001,128,1,0.0016202419064939022,0.4944863021373749,0.4863053858280182
6,0.005,0.0001,32,2,0.0015939429868012667,0.49481141567230225,0.5124033689498901
8,0.01,0.0001,64,3,0.0016325674951076508,0.4958568811416626,0.590592622756958
6,0.01,0.0001,32,2,0.0016869414830580354,0.49615970253944397,0.4230711758136749
6,0.005,0.0001,64,2,0.001624724012799561,0.49629300832748413,0.45426279306411743
5,0.01,1e-05,64,3,0.0015505622141063213,0.4965124726295471,0.4604264497756958
8,0.005,0.0001,32,2,0.0016560740768909454,0.4981398284435272,0.4823538362979889
5,0.005,1e-05,32,3,0.0016185162821784616,0.49831855297088623,0.4728213846683502
5,0.001,0.0005,32,1,0.0016729902708902955,0.4989762604236603,0.4913910925388336
6,0.001,5e-05,32,2,0.0016526250401511788,0.5000119209289551,0.46160367131233215
8,0.005,5e-05,32,2,0.0016103668604046106,0.50077223777771,0.47685641050338745
5,0.01,5e-05,128,3,0.0016221582191064954,0.5009469389915466,0.4488278031349182
7,0.001,0.0005,32,1,0.0016980706714093685,0.5023233890533447,0.5022283792495728
7,0.001,0.0005,128,1,0.0017031091265380383,0.503354549407959,0.4904756546020508
7,0.005,0.0001,32,3,0.0016910486156120896,0.5037080645561218,0.4713277816772461
8,0.01,5e-05,128,3,0.0016472317511215806,0.5048958659172058,0.5415757298469543
7,0.01,5e-05,128,3,0.0016143814427778125,0.5056342482566833,0.5830788016319275
6,0.005,0.0001,128,3,0.0016530437860637903,0.5057029128074646,0.6195866465568542
8,0.001,0.0001,64,1,0.0015984062338247895,0.5064160227775574,0.46234264969825745
6,0.001,5e-05,32,1,0.0016344462055712938,0.5070841908454895,0.4505263864994049
8,0.001,0.0005,32,2,0.0016111794393509626,0.5081588625907898,0.4560791254043579
6,0.001,5e-05,32,3,0.001646661083213985,0.5082341432571411,0.47489914298057556
8,0.001,5e-05,64,1,0.0016576965572312474,0.510399341583252,0.4430692493915558
6,0.001,5e-05,64,1,0.0018692867597565055,0.5121884346008301,0.45335960388183594
5,0.01,1e-05,128,1,0.001695074955932796,0.5132617354393005,0.4692254364490509
7,0.01,0.0005,32,1,0.0017125691520050168,0.5135348439216614,0.6843018531799316
8,0.001,1e-05,64,1,0.0016779669094830751,0.515103280544281,0.44367313385009766
7,0.01,0.0001,128,3,0.001690310426056385,0.5158488750457764,0.5175075531005859
8,0.001,0.0005,32,3,0.001818039221689105,0.5167110562324524,0.45212212204933167
6,0.001,0.0001,128,2,0.0016998408827930689,0.516949474811554,0.5033359527587891
5,0.01,0.0001,128,3,0.0017133213113993406,0.5179813504219055,0.505507230758667
6,0.001,1e-05,32,2,0.0017701798351481557,0.5180283784866333,0.4655956029891968
8,0.001,0.0005,64,2,0.0018405448645353317,0.5182767510414124,0.49095219373703003
5,0.005,0.0001,128,3,0.0017921741819009185,0.518797755241394,0.5671036243438721
6,0.001,0.0001,32,3,0.0016947119729593396,0.5190224647521973,0.4757223129272461
8,0.001,0.0005,128,2,0.001832471927627921,0.5193920135498047,0.480642169713974
5,0.01,0.0005,32,3,0.0018162288470193744,0.5195534229278564,0.5211443901062012
6,0.001,0.0001,128,3,0.001769599737599492,0.5198355317115784,0.4768298268318176
8,0.005,0.0005,32,2,0.0018119396409019828,0.5214203000068665,0.5125449299812317
8,0.01,0.0005,32,2,0.0018601256888359785,0.527941882610321,0.5663954019546509
7,0.001,0.0005,128,2,0.0018735328922048211,0.5291339755058289,0.6024119257926941
5,0.005,0.0005,32,1,0.0018683257512748241,0.5302985906600952,0.559813380241394
7,0.005,0.0005,64,1,0.001866350183263421,0.5316277742385864,0.559670090675354
8,0.005,0.0001,128,3,0.001951935701072216,0.5341982245445251,0.5589218735694885
8,0.001,0.0005,128,1,0.0018745562992990017,0.5347563028335571,0.4764842987060547
8,0.01,0.0005,32,3,0.001986487302929163,0.5349525809288025,0.642147958278656
7,0.01,0.0005,32,3,0.0019222780829295516,0.5391257405281067,0.5741550326347351
8,0.005,0.0005,64,1,0.001938943169079721,0.5395638346672058,0.4756516218185425
5,0.001,0.0005,128,1,0.002002190565690398,0.540151059627533,0.521095871925354
8,0.001,0.0005,32,1,0.0018987696385011077,0.5402076840400696,0.4787532687187195
6,0.001,0.0005,64,3,0.002041175263002515,0.5414039492607117,0.492411345243454
6,0.01,0.0005,32,2,0.0018829068867489696,0.542852520942688,0.5288617014884949
5,0.01,5e-05,128,2,0.0019937241449952126,0.5436735153198242,0.5190243124961853
7,0.005,0.0005,32,3,0.0020701519679278135,0.545059859752655,0.48690173029899597
6,0.005,0.0005,32,2,0.0019476448651403189,0.5484405755996704,0.49735376238822937
7,0.01,0.0005,64,1,0.001907252473756671,0.5501386523246765,0.6677886247634888
5,0.01,5e-05,128,1,0.001963947666808963,0.5509987473487854,0.4549585282802582
5,0.001,0.0005,32,2,0.0020613321103155613,0.5514316558837891,0.5425946116447449
6,0.001,1e-05,32,3,0.0019954023882746696,0.5532377362251282,0.5079423785209656
5,0.001,0.0005,64,2,0.0020772842690348625,0.5539968013763428,0.5077186822891235
6,0.005,0.0005,64,2,0.002017880557104945,0.5540922284126282,0.5069568753242493
8,0.01,0.0005,128,2,0.0020649100188165903,0.5553783774375916,0.5446137189865112
6,0.001,0.0005,32,2,0.002035954035818577,0.5562736988067627,0.4876582622528076
6,0.01,0.0001,128,3,0.0019228257006034255,0.5582890510559082,0.6005624532699585
6,0.005,0.0005,128,2,0.0019590372685343027,0.5598329305648804,0.5305752754211426
6,0.001,0.0005,64,1,0.0020314238499850035,0.5619825720787048,0.48388203978538513
6,0.005,0.0005,128,1,0.0021038511767983437,0.5620117783546448,0.5163633227348328
8,0.001,0.0005,128,3,0.002074756659567356,0.5629249811172485,0.6116648316383362
6,0.001,0.0005,32,3,0.0020861232187598944,0.563597559928894,0.5140156745910645
5,0.001,0.0005,64,1,0.002197686117142439,0.5646164417266846,0.5137373805046082
7,0.005,0.0005,128,1,0.0021659359335899353,0.5651759505271912,0.5375784039497375
7,0.01,0.0005,64,2,0.0021473225206136703,0.5659386515617371,0.5462294220924377
6,0.001,0.0005,32,1,0.0022403053008019924,0.5666564106941223,0.5379699468612671
7,0.005,0.0005,32,2,0.0021961426828056574,0.5675247311592102,0.4843960106372833
7,0.01,0.0005,64,3,0.002181408228352666,0.5685622692108154,0.5156580805778503
8,0.01,0.0005,64,1,0.0021035654935985804,0.5686606764793396,0.4865458011627197
5,0.005,0.0005,32,2,0.0021746321581304073,0.5693517327308655,0.5457996726036072
7,0.005,0.0005,64,3,0.002191054867580533,0.5698198080062866,0.488758385181427
7,0.005,0.0005,128,3,0.0021988600492477417,0.5708394050598145,0.5749445557594299
6,0.001,0.0005,64,2,0.002341830637305975,0.5716204047203064,0.46567535400390625
8,0.01,0.0005,64,2,0.0020452383905649185,0.572802722454071,0.48519793152809143
7,0.005,0.0005,64,2,0.002232270548120141,0.5734632015228271,0.5225124359130859
6,0.005,0.0005,64,1,0.0021774370688945055,0.5735223889350891,0.49887847900390625
8,0.005,0.0005,32,3,0.0021465460304170847,0.5743854641914368,0.5430623292922974
7,0.01,0.0005,128,1,0.0021819090470671654,0.5748535990715027,0.49241966009140015
5,0.005,0.0005,64,3,0.002271805889904499,0.5755283236503601,0.5470309257507324
5,0.001,0.0005,32,3,0.002179631730541587,0.5756856799125671,0.5073525309562683
6,0.005,0.0005,64,3,0.0022033683490008116,0.5765723586082458,0.49877652525901794
6,0.005,0.0005,32,3,0.0022784590255469084,0.5778812170028687,0.6105296015739441
6,0.01,0.0005,64,1,0.0022028684616088867,0.5779449939727783,0.6647689938545227
8,0.001,0.0005,64,1,0.0021245176903903484,0.5780519843101501,0.46890220046043396
8,0.005,0.0005,128,1,0.0021515286061912775,0.5787306427955627,0.5180131793022156
5,0.001,0.0005,64,3,0.002173377899453044,0.5792976021766663,0.49068158864974976
8,0.01,0.0005,64,3,0.0021623692009598017,0.5797359943389893,0.8180684447288513
6,0.001,0.0005,128,2,0.0021592718549072742,0.5818620920181274,0.573866069316864
7,0.01,0.0005,32,2,0.002244524657726288,0.5849460959434509,0.5182945728302002
5,0.001,0.0005,128,3,0.0023753142450004816,0.5867501497268677,0.5572238564491272
6,0.001,0.0005,128,3,0.002358467550948262,0.5893915891647339,0.5154510736465454
8,0.01,0.0005,128,1,0.002270744415000081,0.5901991128921509,0.5683194398880005
6,0.01,0.0005,128,3,0.002350524766370654,0.5911641716957092,0.7130107283592224
5,0.001,0.0005,128,2,0.002344151260331273,0.5919027328491211,0.5678579211235046
6,0.001,0.0005,128,1,0.0023215427063405514,0.5929767489433289,0.5503048300743103
8,0.005,0.0005,64,3,0.0022687974851578474,0.5938648581504822,0.557597815990448
6,0.005,0.0005,128,3,0.00241445517167449,0.5986478328704834,0.5394542217254639
8,0.005,0.0005,64,2,0.0021837125532329082,0.5987980365753174,0.5579662322998047
7,0.001,0.0005,64,2,0.0023856614716351032,0.5994465351104736,0.48660629987716675
8,0.005,0.0005,128,2,0.0024147657677531242,0.599870502948761,0.693387508392334
6,0.01,0.0005,128,1,0.0024910017382353544,0.6016241312026978,0.5278339385986328
8,0.01,0.0005,128,3,0.0023780139163136482,0.6019121408462524,0.5727675557136536
5,0.01,0.0005,64,2,0.002700376557186246,0.6081418395042419,0.7402142882347107
8,0.005,0.0005,128,3,0.0026431006845086813,0.6102644205093384,0.5922936797142029
7,0.005,0.0005,128,2,0.0024400767870247364,0.6132269501686096,0.6926368474960327
6,0.01,0.0005,64,2,0.0026136573869735003,0.618962287902832,0.5030710101127625
5,0.01,0.0005,64,3,0.0026001629885286093,0.6194657683372498,0.6177987456321716
5,0.01,0.0005,128,3,0.0026462567038834095,0.6238264441490173,0.600684404373169
5,0.005,0.0005,128,3,0.002617627615109086,0.6257138848304749,0.588714599609375
5,0.005,0.0005,128,1,0.002525248331949115,0.6276142001152039,0.6109296083450317
5,0.005,0.0005,64,1,0.0026313799899071455,0.6364014744758606,0.5579039454460144
7,0.01,0.0005,128,3,0.0028428498189896345,0.6364516019821167,0.7419105172157288
5,0.005,0.0005,32,3,0.0026155621744692326,0.6376438140869141,0.545591413974762
6,0.01,0.0005,64,3,0.0026238542050123215,0.639194667339325,0.5259891152381897
5,0.01,0.0005,64,1,0.00269293668679893,0.6405284404754639,0.5390027761459351
5,0.01,0.0005,128,1,0.002694289665669203,0.6442842483520508,0.71198570728302
5,0.01,0.0005,32,2,0.00302046793513,0.6748817563056946,0.521134614944458
7,0.01,0.0005,128,2,0.0027542596217244864,0.6778096556663513,0.6570664644241333
5,0.01,0.0005,128,2,0.003340971888974309,0.7037039995193481,0.6591702699661255
6,0.01,0.0005,128,2,0.0033350856974720955,0.7378695607185364,0.6601675748825073
7,0.001,0.0005,64,1,0.005604145582765341,0.923380434513092,0.577819287776947
