rssi_antenna1,rssi_antenna2,rssi_antenna3,rssi_antenna4,phase_antenna1,phase_antenna2,phase_antenna3,phase_antenna4,wrapped_phase_antenna1,wrapped_phase_antenna2,wrapped_phase_antenna3,wrapped_phase_antenna4,true_x,true_y
-25.0,-63.73167255876393,-45.992623764784895,-91.14823474679704,11.00879857701587,169.12581080942286,178.2960741694049,272.73110591796666,2.3350080316572264,4.089075660371959,6.170205478949093,3.2003896653872594,0.0004694475090194772,0.38075216661651856
-27.638480803189253,-85.14932378970951,-69.41378082585356,-88.84656540226395,16.505537206423906,195.11726645053002,171.1602946642798,279.9438258148735,1.3486080029633207,0.5783480071138687,0.8531601305857599,4.884483287244443,0.0,0.8683449120886201
-41.84055437860827,-61.21818617781912,-59.860623711641715,-79.11362050407426,38.99956103479005,181.01848355831456,175.63424874197074,254.06020335432896,5.0135321409715505,4.083679263144273,3.667350839835894,1.282681867189574,0.06148223202321737,1.5279917018923033
-44.44272557359038,-39.824422831135124,-70.63842920241333,-87.76132190015174,50.99389699373611,188.90655411945878,157.25933030628346,234.6566283167843,4.65550454394414,0.02817202639157923,0.15510942798754251,1.9642448395307763,0.0,2.0763729355009435
-51.865731807878305,-80.73054923799398,-59.29871119081402,-85.87872159368399,57.99045201668071,178.1986088545661,140.91094837463373,234.83351566214046,5.60920573154322,4.134311143397038,3.337057774283826,5.312895548877304,0.0,2.5759372291524802
-56.589527225586494,-72.33803131253681,-77.77869421491279,-57.16381116281058,60.1386466018487,188.43170658586126,126.05886058261547,205.93393307333312,1.8356153649297848,3.732404800319362,5.412738214939595,3.6742154665363165,0.1101633270357639,2.9666587673533646
-46.712276838638196,-85.53835675448983,-72.18392001701784,-51.17976496198362,72.71420530157161,199.6164175173785,127.43129970238034,235.06996038795074,1.9906296174157152,0.18538348625847068,4.725817719954595,6.1366737208016975,0.0,3.5370094410912505
-58.59836368039249,-56.06747361269052,-48.664105030899286,-52.38885136225418,91.14835259250349,204.73472666236114,120.32775269446518,220.46882429965478,2.4532203294785546,5.409251190007614,1.9407208973253578,5.867910321444459,0.0,4.020328979216416
-65.42750432103503,-91.51639492640683,-59.89034208350536,-95.0,93.74106508211885,204.76524899349474,122.26825250632443,217.4592788334216,0.6243024766053624,5.67389734134661,1.8745622348432223,3.5723092848973583,0.10694748113250821,4.637226167404732
-54.79300894931475,-84.60459940404532,-48.81171638947467,-88.58374932986091,96.87166295671496,190.21001448460734,96.34574793019218,203.40438913982393,0.03442147046827948,3.6957410458500064,0.28757289120716045,1.5723304883525309,0.0030808525377110096,4.855468078663799
-49.6517041779566,-95.0,-50.2873888844189,-67.24218378290868,92.21371762766115,201.8451344046653,97.29551957378382,209.02961030332023,4.857915713826525,3.41226931879749,2.982076937071387,2.241647389683191,0.019593046032345768,5.531114194000614
-70.01764767072855,-87.25873187505636,-51.42761226975777,-46.76700195873889,116.1336543824356,206.387884299465,78.2574281401749,202.57294842312967,4.191199340571913,1.5633745284450502,3.2493185883125144,3.0278705923183313,0.0,6.030664751458606
-69.58916174802467,-53.947086698191676,-52.274416647273306,-38.53619158366233,118.38400723760047,248.24747392039345,78.13948622919104,205.04586982742418,1.1649246076233934,3.1587303185447695,4.993563245282785,5.5014500160843385,0.0662478981869371,6.544729620381351
-55.314879617991004,-84.70220801229395,-56.47245540568412,-67.09325393962028,132.876387807616,249.9330929779129,61.117900124151234,192.0703276016128,3.497033500976059,1.4571132731904344,4.025319247751069,4.294635436309094,0.0,6.923040634301584
-62.75088155245301,-58.33528876462619,-46.374893471478934,-80.96477331718293,149.67333139118642,219.88821776570427,48.3427410052943,188.96466788420136,3.703413241620595,4.310816125787978,4.765753256782847,3.333497071079547,0.0,7.509084942143573
-51.0397289308085,-80.00295982130393,-56.058501078870094,-65.80596542774119,153.20998343596585,247.2832773960361,30.896202770835906,200.34959366559448,3.537357320871635,1.2241733688480263,2.892896466767546,0.06882807785868739,0.14867909797369297,8.145172715629537
-65.42413708012215,-54.61161998443778,-33.74538030640263,-88.01887757139295,190.96318518083606,261.53773606883595,19.85911662023886,175.15808403790112,1.8146386466777855,0.4335379050536101,5.508679655670649,3.3079982771928087,0.11546383126823415,8.900326791771828
-60.68381824532223,-57.79875865503061,-34.5471383015296,-77.72577429798123,188.67065275486712,259.69549896015457,16.3890145988666,185.65948923828427,0.7472043560561605,0.5956432123757125,2.876939104404798,3.368530802840656,0.0,9.619740629899853
-40.513683438948476,-90.01456179862402,-25.0,-85.470685203273,177.68812714184259,247.0063248104782,1.055916466154636,188.5841573331885,4.72462783265609,2.9778780993047107,0.0970165557798488,2.4927580925868575,0.11302011220671646,10.0
-38.265116738365656,-92.53790307538628,-59.93808933047217,-91.48345008669315,12.625479347249879,187.52838881771862,186.5080583164613,246.01537960277625,3.1231659940583607,3.284532259810228,2.624101847886564,0.07729911644366183,0.6396447931174769,0.0
-34.05945504409317,-65.47261869789327,-58.153899321532386,-61.7520243791411,13.872820132506034,154.97332992597367,172.00778821818255,255.71360892502722,3.190751064722839,4.657924372788612,3.683563629277092,5.414151065301693,0.6475313218861992,0.3506193546197761
-32.61489970825519,-70.84304519082627,-71.72542089417011,-95.0,23.271327390236678,182.91850390350228,174.93123384644002,255.30628724213454,4.834032711132789,2.423308118166821,1.7678843318833763,1.9485636143096876,0.4596227054208147,1.0615296134082564
-41.603084007094246,-68.61485998966666,-57.738940711244915,-72.03706190459027,22.885112802386118,190.45690126863616,162.18886356430468,256.99569406935575,3.0464476160383556,2.3723120512898053,1.957959451786131,1.1630199398315249,0.49407878473332156,1.3535693829363111
-59.801751971127516,-77.47550387459816,-62.75322966287821,-69.80608211901966,41.121341606780504,178.25094163884881,154.7489493728936,237.7560975859048,2.3268780698021416,5.629362291825759,0.5503955164961667,4.390894051669502,0.46921147756695103,1.9740533760657677
-57.40691421505467,-52.2098384892598,-52.31793114844771,-83.9229268356878,62.09701960832292,201.61612948151713,141.17864416193308,208.23311406760126,1.3489848616739124,0.07341780739189474,5.097159496082554,4.621102025207313,0.4673094635434881,2.6464848139472217
-59.37300381784533,-66.85207156894946,-61.94581845392433,-95.0,59.31504604701277,221.56793127445025,129.82998501345912,205.66281040483773,4.535454586575787,5.626002723772531,5.429351218276924,6.184730421726027,0.3500259081288886,3.038946829800461
-40.83630194587022,-60.70937446303495,-57.96311313731251,-53.22605557849771,59.65175200084264,202.59872736210934,143.52031515153914,203.08900828750896,2.4474676060313967,5.158965186414582,3.963200250983924,2.268043862583621,0.4762403692169081,3.3783157441589236
-46.69888677566728,-78.66576076032115,-66.24451503316874,-77.03087239703183,78.88869024957714,210.56737156997747,102.2054510066696,216.24602684712363,6.187532812121459,3.7856412778118873,2.294571944600574,0.4368905084082133,0.4275869787066834,4.051846153495419
-25.0,-76.85055867014447,-55.11417049616771,-84.82182744290081,92.2038024712901,173.2350269502391,113.80753664582559,226.0565136457921,5.721123325845539,2.450387446876764,3.4511120754088296,3.179538970973273,0.4968327923102599,4.517902068271394
-53.65958182095113,-95.0,-63.49413267185168,-83.1258633677862,105.45425417569639,183.5721460914352,96.36810356486995,185.46476185981612,5.405306158797519,1.389661146736688,0.8553835886595715,0.1276784836795919,0.5505347981654575,5.079229065418679
-61.24990648415077,-71.59543361596202,-72.92152693973256,-40.78583005626726,102.31723488729772,208.45646932007188,77.93947115447983,180.99948829111887,3.489816157556886,3.5669322021790713,2.163370668959585,3.966975473801355,0.5982192376486112,5.51879674308369
-56.29851453790166,-92.02049795749443,-44.16422474081149,-51.002798619878384,113.45011626616218,200.7441626719076,75.14322710993571,210.1051252138984,6.026939187088983,4.6816307771502785,3.2200400916217458,5.990271043495381,0.48658771558687497,5.8971772750494935
-50.70915700594341,-95.0,-59.35504471239212,-71.13492577184316,124.22619829566705,220.56781779588326,61.389905018784546,194.78048259622796,0.7387387497867106,1.1329061159999192,4.482607045250314,4.4718675263787695,0.3709061138128146,6.455125113980099
-49.99502537993514,-89.19659061726932,-58.18018522857868,-62.32776005392447,125.58524631649077,217.63364975068683,55.38306405892618,172.8389804803544,4.233934134903524,4.969289260997229,2.8807820989870727,3.1192833825759827,0.36218196058360574,6.925543048030419
-43.96410892867876,-89.93332517458344,-57.72957792896613,-55.296523089139505,126.40276621067748,219.63183313324265,29.136006259061524,195.3559290877321,5.085505126033258,4.74076896386045,3.997960381210988,3.543851873945857,0.45417936067803777,7.38145662433405
-55.7762630234982,-83.62650371867912,-40.38674059698861,-82.21055670376153,155.71010116244622,258.2766639854436,35.35715093352577,201.5765449586047,3.679056745447035,3.344926492313488,0.3425906059058663,0.15002403024330135,0.488703891104187,8.083116015301838
-72.91066872195917,-70.90665316989946,-30.389211031441988,-65.37230765993415,154.4763813537483,225.69555991294564,31.8596431209413,180.13725361421567,3.6689073054505155,3.0463231449101578,1.6068834317235319,3.9821218119894723,0.43796621268122843,8.358793772476659
-53.321140527576816,-91.92243321018492,-34.54820465448091,-63.48522614215805,151.28994588200345,258.54093789753404,26.69978006495407,172.9799157976692,4.935939283303004,5.785064169426365,0.6071104156680232,2.955209591776889,0.5417785263975137,8.876639377722467
-63.66230237580732,-66.48753911524366,-30.807009323974956,-85.63584868629938,172.2598620542869,275.37995694775464,16.15342308196876,183.40122675235716,0.3097153899603686,1.4071410330185934,5.868288000053811,1.0792336572500645,0.36428642707014114,9.567955088836685
-35.70492365666369,-56.540401976246244,-82.38981820376975,-66.55064237834941,7.143192638226781,183.21955367560741,186.13428220075357,255.16879459096606,3.6981594655430317,1.0944480141007453,3.138985340401838,5.293623998206542,1.0253686696681497,0.08067049309851662
-45.76881377233666,-55.64223324134467,-60.47393224214472,-92.71483174535183,29.907720775402765,165.77864802683277,187.11182065906536,261.67643119470176,5.645024916043854,4.923459664072759,0.10498715467439901,3.211232330126082,0.9014913725707847,0.4573273102001246
-48.16411639186171,-44.797639784327636,-60.69779588408929,-63.86553425605678,25.29244039908489,179.55363305680606,164.78906867280648,258.3973797661735,3.094172332729507,1.4014277644959527,0.6095363814294981,3.4988787982893825,0.9356222054323597,1.0454380696872354
-48.43949837171202,-91.36543491850301,-61.220037809737114,-81.06233557504183,31.724804514662154,179.8518888891108,165.37063612888474,248.31312797627857,1.8389725892886446,1.4014069247866194,2.865754317359734,5.617536110399138,1.078814712993495,1.4468340154189947
-35.17310592475328,-75.16464950990533,-44.19927402404076,-75.95318894229985,42.734199410076016,167.6389545790261,166.17260473410178,221.45655408726648,6.0221280753909205,2.2293834451359267,1.339722135088211,1.8432078637117102,1.1323226003800946,2.061359614916615
-53.05904377076072,-85.73528413121909,-58.30665793625623,-70.37242839084107,59.70398639391827,167.48709533178993,119.37708125146847,227.4890640836879,5.717756481889749,4.954392688508744,2.6297269674219343,2.2391743297113003,0.8863697078402403,3.0290115763720697
-58.11342806984014,-62.136792745038235,-60.235551199266745,-77.51001138194246,75.17560367807728,170.85177720427228,132.89947990555964,201.66850730990276,4.8360743235791155,1.829002624851956,4.969655117097515,3.2767384301970166,1.0286273204480427,3.4117812840963
-46.495952135252374,-64.07313584853812,-58.443770796375695,-83.23373707865561,73.818427786242,175.53108051047232,130.29763179613067,227.17904882958015,6.113105770147477,2.784460127532391,4.321143790509279,0.08172162733447941,1.1057746420783643,4.041329012482453
-48.83036713511375,-60.4595021649707,-64.61937207055314,-68.15743813996819,84.35477601097301,202.53052042647306,99.79130378502903,190.33040755592,5.036154668079626,1.7421787353878369,3.456286725237235,1.634809407214112,1.1464100171204348,4.381172972595532
-59.11784990338423,-84.96014118553101,-61.93099880759318,-80.79104947164208,99.86468512153012,192.45579440501396,113.4573178841523,177.0634878621772,4.947318948218786,4.3078314777044024,1.7091352293392863,0.35291086217934975,0.8535037728520324,4.966467522846891
-40.721852691439004,-62.91891575119398,-40.432865082154855,-73.13882273891541,109.19283655949313,201.52658030073823,78.80872276313748,200.82730657567765,6.037563333268345,1.0111195792508045,1.193490526225542,1.5334383968999084,0.9950489430530081,5.591954600974628
-69.30355157897108,-78.05795867942737,-58.83579426424278,-76.00477631219876,97.94527800859265,207.8621392261479,74.38750204087734,189.23263023746892,5.646732452748003,6.209753092559781,0.8154414056469248,1.992892331090057,0.8798282106424682,5.863445221638375
-80.37646028442302,-95.0,-38.43094265377139,-73.01660176170846,168.05769586601144,229.69172691301145,45.30178796825963,169.7739660951761,0.36559898317038986,5.139103161877653,2.736493228355699,0.831037194482164,1.07669920510239,8.526826143921033
-52.48664902360706,-87.91600574077161,-32.34639998067407,-65.30539951947014,198.28593079556154,255.65891108322808,34.6650765559695,176.22081554607303,2.2246340153593422,1.5020071009384148,2.5411280560946494,2.9926101287386473,0.8809000306996362,9.129929929183604
-65.90574662684438,-58.981994505981746,-43.59368148160607,-72.80075149622454,199.2229955497408,277.2291696639217,20.00023748769793,165.09377398156713,5.033151219522062,1.8762429556002331,2.0155523287490325,3.182386415785274,1.0445115463950465,9.646765428651479
-57.73142366890531,-92.88684548345218,-33.0485523738697,-64.52198463920863,170.48345651813923,234.7807061527031,28.43521937221766,175.38783772136804,5.465944172980363,5.445759228038913,0.8135294583733892,4.255664531909659,1.0530592558118117,10.0
-37.18301206845407,-86.06066321716891,-77.06482522603905,-78.93036018581618,16.692813015592858,154.24320084623017,201.2280518160858,238.23167506244266,5.421338364498709,2.79512231501538,5.976797871353011,4.190829181557177,1.6191713002842307,0.027011632066127028
-41.06773641995115,-62.69025920293878,-54.704667876577886,-89.221291484915,33.4835096229733,155.83560268814728,190.37964183135622,226.33090617484987,3.1005022518712764,2.6384950251886536,1.3236363121948678,2.03387196454927,1.559382207952673,0.4810970527376067
-36.641412657873445,-86.82163677247456,-66.06414002156812,-95.0,44.78611441785984,161.97463514553516,173.03342220203987,252.96556390510625,3.880891973501745,5.374315845553756,5.840150328763126,2.8857715875938155,1.5859283350647744,0.9295183249227802
-42.642187730383284,-60.18649155243001,-62.3774867246677,-70.03920214547554,33.466950087881465,173.4389133144701,164.40234257024142,215.17674897526027,3.0466741009653084,3.778664370213246,0.3924393266047268,3.5440771321077946,1.492396506174245,1.5921076238196625
-50.90064745376433,-66.10906265458324,-73.4938806887513,-48.086209112974274,50.02309859159023,178.34187091635744,161.4985546116726,220.5340481402718,0.27267250049185154,1.903083720586661,3.0659154137854965,5.7834318919625245,1.4975389830113113,2.1394581174835325
-54.061519290342815,-68.44528253511842,-80.94462550159793,-84.21212108166915,43.309556508199876,166.85665637036408,145.0325793122836,226.3592020038638,5.293712379507991,0.9967554712512872,4.858158132720234,0.25920402045489865,1.614143344871937,2.4457986652692854
-53.98227832057808,-68.6540517309468,-68.68471384047582,-83.71552596152611,62.235591892769136,165.8024700348401,134.41760566140172,210.88459986713522,3.338831750198217,5.331402372240397,1.279851883059166,0.4535459899011922,1.4029682407405055,3.025294368574053
-52.62589547360111,-75.12128831562923,-72.6786776677968,-95.0,62.42962612384667,183.20001179550874,135.56634038447882,200.74743950330176,5.750246494124367,4.1663193069415545,3.857728594538659,0.5651977180142893,1.6156089046946396,3.459063755748468
-59.443860044072785,-54.165610266534266,-67.70470335217458,-68.64292656480337,82.2482726867902,172.22879281821378,125.8429173484871,162.29261648435593,1.9339529915708122,0.6147506258043984,2.962938605637824,4.5201345708232274,1.6142899440016896,3.9771978055392716
-55.24077031831601,-75.00855264015628,-64.16842583747861,-79.27695043565662,86.9149483430702,171.99675781632033,107.60700615357797,187.8226819536373,5.862185102523949,1.5607513984480903,4.860957000052454,0.3441932441533102,1.4740197869619327,4.564325825786062
-43.90145972362857,-84.95686232189317,-68.03389358452881,-74.50725361340496,99.01807829616573,194.84458425822172,103.96675439727585,188.62985251861338,2.8175212033637216,3.210365273545561,3.67816598300482,4.069821819801264,1.6235103005935043,4.952625966258465
-60.33734034447309,-89.3231739642178,-68.76789303598036,-83.97201092046083,107.63249673962741,170.0768339996595,83.49478809677328,188.19982830036236,4.928872129010449,1.678670876815442,0.9470204847421929,4.994825738302092,1.359833692649749,5.515059285691245
-73.53173479662725,-68.78416606568246,-67.05258802013455,-74.70011163170905,119.16314105629382,207.55963131051013,90.06955298193564,184.2894428011885,2.2337561714832006,4.251927600393704,3.499245195720153,1.2242938938532744,1.4531860203294182,6.067561802747245
-51.815705450486355,-73.25344704291044,-47.58182841051867,-75.28177550333727,123.32063517424734,197.2212198604854,77.56349406677197,166.911475472076,4.697589535104306,0.5432354009000493,5.331490897381451,4.968288427866102,1.4015322397722534,6.604536736601085
-68.86885705710706,-82.55225172847068,-57.50834716295371,-49.629441649789015,164.2731340175562,246.75553293669964,31.705573114487073,163.7734181547008,0.4314696313615656,0.7592023149555551,4.255536584251203,1.407034746559873,1.3935502897180805,9.128024153323594
-71.13691222240121,-68.40295152731449,-39.26334499968555,-58.11591860734116,177.77189728459814,243.62678705513736,24.318361295152123,147.68794886759574,4.0668539056429625,1.7321280412945441,4.581857450230521,0.5498127568059854,1.4143879057491333,9.364704804487117
-64.22430095428457,-81.8536251830374,-49.30615402966166,-52.337305651341765,203.16314357099552,225.05755719752798,26.26083636633438,175.08663625821163,1.5238799450155565,2.243260611622489,5.308968478492978,2.680898441214844,1.5604984356366505,10.0
-42.779823278723576,-47.45010053436155,-61.03745790501757,-94.2687833859023,36.40641447176893,140.1411549562119,183.48827801920328,241.9639010102359,1.5228878655008131,0.18704389271729305,4.215570441764793,3.1670614621712545,2.1217929927644956,0.04515441615705329
-52.10214708153879,-74.62437170866085,-40.6250105542958,-91.04644318909271,47.852353867726364,131.51628763355978,207.28414840518235,219.33020277950519,5.609369101590289,5.340000924648269,0.11625660287975403,2.0054212301906205,2.130083711987147,0.6286343522471934
-45.43490484154516,-71.60167753508075,-72.32663039479523,-75.60707190375042,28.350047637836838,160.56634437630274,182.83296241957282,225.07225780365292,4.008633624685217,2.3501789874429573,4.06001840946223,0.8745065737587789,1.8981990913671347,1.0297436364896084
-53.03968790822464,-67.84382227299939,-90.23145977084337,-66.9189156705419,43.61012738485376,157.7152945966097,175.06484003160236,239.15686791124614,1.874726364471158,1.2205912063243503,2.9234384716153072,5.584815174382161,1.9967103181827843,1.5376421000843943
-44.98790064137672,-72.45434497143974,-69.74107249695741,-63.81981358245898,63.75520377273281,161.96866124923852,157.54351333658602,205.48684929009954,2.724806050419488,2.585308006669365,1.8841554209533626,4.5954257281931135,2.0811803112391907,2.0519330389190675
-54.43308336754747,-74.58298811249061,-64.82571051377258,-91.75005651895971,68.77284172449079,164.59952915044275,139.39722290634407,182.9759328205843,0.3456961134565796,2.5856945692345903,2.6407025297702447,0.07643619818453473,2.0982043063967297,2.5747421920812505
-53.58540900217569,-57.25257526399112,-52.652425166293206,-48.766655992909904,65.08262417778613,147.420827859374,149.71604901523412,202.53157832015893,0.03552466928958942,0.5450857511467442,4.634831587047561,2.4085648813196148,2.0363840551878374,3.0470666250627296
-61.3677887160384,-64.87862485259438,-63.05963520009254,-78.7014765544358,78.75683560919387,163.45667106161747,119.79309635861705,181.06717931970812,5.840359015382514,3.0500162599145835,4.505439661969243,1.8580199771626873,2.0475856103456964,3.36204645966351
-52.56072922009138,-84.09179468015215,-48.433537148815645,-78.24055025332606,79.84938798458572,179.89344488319324,129.48213346614824,191.65094507836574,3.750282832028458,2.197322909402753,0.03430997550350101,3.511501229178087,2.045114222448342,3.8677051261724005
-67.80370630564175,-75.58332950483887,-62.808537621122014,-95.0,101.98267456065636,186.2771079590875,118.01988053958243,174.4831279705557,0.12070651789424464,2.0045095732330678,4.348767501952036,5.502185242093425,1.8719698588467815,4.603094797186479
-44.26671525066252,-72.57863428709919,-51.152692561241246,-33.38692450647832,83.62052054288789,168.33533579562774,108.25736956824645,179.14684260088237,0.43035183571080626,4.129131464169925,4.583845736736571,3.4942535049221526,2.1369039314215614,4.9136420883081655
-48.02019326909884,-80.59992756015725,-44.491020521163904,-58.102310825134666,95.63974623980828,180.0745854077148,85.96655028737624,179.16984235950605,0.2755505609656481,4.923634969306025,2.8735804136373293,0.6957620744042874,1.9438803030704754,5.5562287822646335
-40.584794734306016,-66.01901861708645,-47.58039021960837,-81.46029802940565,126.17617276259776,196.4429163632076,94.71495747231496,176.90203775381642,2.6839013406998387,4.834672435853715,0.8863613851070902,2.740784761377178,1.940157581432489,5.979028126413763
-52.0682893588318,-63.06689093624011,-56.28522664072943,-75.18073261454367,140.7725148712925,194.57838420218042,77.39282157421574,172.63433569092638,4.757498062176831,0.28576070338703197,4.806307950764882,2.12713559523252,1.9176670827086595,6.571239081768327
-57.99583399223069,-89.65543162209063,-55.10757309476581,-50.096607920090015,151.90538541003963,191.3057983978659,60.934788514492496,188.69920301449443,4.635381829213523,4.310110033443959,3.252748834019213,0.9009248678787705,1.9252680151119936,6.896780790038774
-77.84043700149189,-94.85466686237346,-42.857291500342484,-59.81265742753162,179.1710435438281,233.08158995693412,46.25266732219916,157.84877773863553,0.7214412529797567,0.13717789016761728,2.006825902400795,2.927449651742678,2.113375628943543,9.455700952614936
-86.60900304205614,-49.81670230042239,-52.579533755921574,-53.50783171139852,189.34388459391144,261.9104112496111,42.67100730657308,161.58972801087393,5.160987547267654,1.0123742419884323,1.1655534166950947,3.197397136165687,2.0296100004621342,10.0
-50.792663778408965,-88.20987869154676,-54.78021482072364,-74.66666549427978,40.9048622456516,119.46500169021121,187.04968438642194,235.77587847086588,4.001238533492064,2.0073123915463533,1.398714794962964,0.957773230455679,2.5192609813354614,0.0
-29.376860628047346,-82.48642020628266,-67.11265592692513,-93.60024473404712,50.6825700542024,149.7008471225518,183.14382432874334,237.7654997346643,0.684691351919863,1.8805929059127573,1.3283822176895272,2.321008324304721,2.430529418596509,0.40671056198154193
-41.64009729123976,-68.64237090858371,-72.31230158402204,-75.91106171478091,53.03073024064349,140.25981155330933,177.47522523778372,219.90211934461783,5.131508368841516,0.46025564510514183,1.9399874640973707,1.531970419116444,2.525805493167468,1.0455321622268903
-47.44641736904284,-59.66976417201391,-57.3287200445287,-87.5178472795923,80.4828147037317,161.44170539008545,155.00743543529998,194.38593591181095,1.1140972585733122,1.214400342517198,3.816698641363231,5.153996465470261,2.4364379976941493,2.6436773632905224
-53.464439667056055,-64.96678922399292,-60.5116680781365,-83.49067713399386,56.16739205298961,142.42003659797416,136.80350852879354,171.8007228407766,0.2591971837581255,1.7823356959182632,0.5902823665814445,3.8764385001034327,2.6134055800739993,3.0851397620056953
-59.13254125361433,-83.18937684381325,-42.61660614112381,-78.18785088441241,75.94868038268523,146.5620063354157,122.26364945670527,204.25761435751642,1.6778581362121443,3.622879473900735,5.423069738751332,1.3980439750446,2.4481986914085123,3.3648519558273557
-63.465918651610664,-73.75588491641808,-59.34902261667069,-70.37627447652505,91.44195820679664,170.0046556022706,118.8344009106451,197.2285810994295,4.09155004812796,1.0136760338563953,3.623961416625005,0.7973628214128947,2.484288645620791,4.04119433652853
-52.40384353146531,-64.21019956896663,-41.8534936962009,-82.01403462971486,88.60955066294606,153.19685159757756,99.5233090344623,190.82432300877892,5.016159580803961,3.4369030729460057,1.7129404108297237,4.992951576618044,2.359153287574163,4.584982981509868
-62.39115038578975,-95.0,-57.093432939982904,-77.75928146607282,118.95788128774815,165.7587453276942,123.89429930800489,172.83955786568805,4.749581134174601,2.692734268817686,3.1198879010705483,0.5085175487061342,2.4505078935285747,5.055400235956824
-58.241601668089636,-71.60984319399782,-43.862742682298894,-54.547355615909,116.99398362488992,189.1178374955374,115.87700012547788,161.24534380910399,1.251687478733201,1.2733677373263612,3.397267579470874,5.215115290556996,2.5335093683988075,5.631148558633103
-61.75309867739726,-72.80322887280327,-39.63004095566761,-57.003922381817645,120.63594011154883,181.27998732010923,75.85990614879681,155.79835455402977,4.111831038202421,1.2613738844435947,5.515063664674333,4.11663738216059,2.6285213146877284,5.972088748483571
-75.02669962700773,-61.33740981923403,-56.77990930935483,-53.009488168062546,141.86129501863053,180.45408589834875,95.37726736338661,162.25549156423148,0.6886436224098329,1.5706018163167563,1.2082788952231156,3.1327580617431856,2.512921715993219,6.6485667814324625
-39.57709528946958,-83.51412713165479,-48.47260509243587,-65.5880268259109,191.04660983239717,224.70906141100343,54.54383244597885,139.8911208054518,2.3173547651471527,1.3379884855421602,0.7861208620283655,0.7617490146250416,2.5622688566417837,9.031374965457646
-56.31098892039675,-80.44625687952802,-58.324585969222,-55.403087131665366,171.0678095119966,240.17040392672686,55.403011556252586,139.49830795525668,4.7878531174884955,3.41793990330045,4.757227653416425,5.913291979292938,2.5719522592360597,10.0
-65.79212280340681,-76.37843333106366,-59.79299431115716,-95.0,51.1863961909092,134.8900183403785,210.88352703538104,222.7815261981024,4.513617203340186,0.8940626807896539,6.0844054650659345,5.2944143480291,2.9740865712600413,0.0
-46.05638529217131,-89.27745994812199,-65.0581950128268,-71.72110323445352,47.02619975516786,139.5348790895116,163.8926619689073,240.78060139486428,0.8008441723613435,6.095152914411511,4.187681258155667,5.178804995586644,2.9466047101883794,0.6470429109349658
-48.30225713490468,-80.07289022086196,-75.53344133617328,-76.09917128349537,47.723313138819556,130.25700669186327,191.65177797799728,243.31449415227834,4.612259809185856,5.9969229266055155,5.709751251936827,2.624424735259147,3.0041875571991006,1.0932598937218547
-66.87481814933794,-54.849543521509794,-70.51393344881708,-72.58837153775809,88.64307949611339,144.1938711040111,149.6152363646014,189.84289145719563,3.9209239023584903,4.247593881392441,4.2719781427035315,3.426389297165524,3.018934953535725,2.8573435658483692
-44.621744145316164,-52.26760346292228,-60.8182636365724,-80.22256596915338,95.69224487209362,166.05770918086068,131.12085601648033,194.63795351085264,1.853763733177047,2.3817289738162692,0.8484879614539427,0.15579946669257083,3.00949708903047,3.482277209649602
-51.5192565661448,-54.972192345313736,-46.19785306993634,-61.230586797812485,90.61903320971459,152.9276644616714,123.44099406494253,172.80106123098915,2.226316910388036,5.839020837504519,5.2058785780415455,2.9415740198694103,2.9438693776131974,3.9100203594667877
-44.86260765690363,-81.40862135243603,-56.724903074376286,-75.04438413274933,104.75745317279892,164.49916048848493,114.18862290731126,189.62011891833285,1.1317091852754242,4.317061469659656,4.442856420794918,4.123311672883673,3.0037442715910236,4.642276665647832
-61.10203633100049,-88.49097881039165,-58.88482826933597,-38.76591945758484,116.0622025570687,155.67335454321685,100.93185375563917,143.05315013197293,5.662608094852883,3.840664030988118,5.56009558395648,3.2279135460792396,2.9210685693210072,5.138754390163546
-56.95600988495521,-78.08804674265377,-64.6086083724623,-75.48998065828475,116.0576040643545,165.92619525370034,101.53986986098032,167.46484474872054,0.46153479386836693,4.661141995367318,3.836239060284048,2.1112929044970574,2.97646369330114,5.455658247249127
-75.96569381137081,-62.441477969377075,-54.882828873002744,-87.46071704834598,119.70897788098554,170.3358648421421,107.86308524389577,168.34006305584052,0.7702138531778848,6.240864504161439,1.5225065289075161,1.7212133371237552,2.897117818419983,5.873100835666068
-67.2204030063311,-84.74529096623681,-49.749639809566425,-73.68308481074526,134.60549657573665,181.22270811048512,84.7674997586616,125.49422766468737,5.5935617724418005,2.5917538592895615,1.2130757822177038,3.4421868105483275,2.999204266426637,6.522591119076851
-75.64673188030854,-76.72094769873233,-52.86378140530615,-57.9113179400909,150.35124167387423,182.76287915930388,75.6502759469553,158.74005088347462,1.789031348462565,0.40322672920861713,3.617646162706883,5.3032156643860535,2.854297336003285,7.1308081359443305
-62.206732932461684,-66.97110394085472,-35.38692802562496,-57.55871639504524,149.87257624171056,188.06399882577395,88.55647467807638,137.11781763631697,2.9025782325716154,2.6160308685987346,1.7177354149978996,1.2745259543301701,3.0887516293168993,7.358960412738334
-51.0219418887358,-81.95458114118043,-64.22018337462126,-58.42289173953678,151.29105320593854,184.22401560618817,74.20787248084814,128.4796935091863,5.658253343674784,3.759223543798255,0.1840593460318285,0.2688989011418208,3.130489481077617,8.555995386969387
-74.26030625240516,-95.0,-57.97562946733005,-50.83944589210722,165.24873141983852,241.1301767752975,58.40373647643796,139.409705013761,0.6437966267082595,0.9420845652847776,0.5783085798846699,4.766327507428809,2.9956247454476244,9.071469173239608
-86.98503137750163,-94.66888007022541,-47.774004849869804,-56.409182688631034,185.63862899425473,216.7158234039656,63.710328055436584,136.66725256207914,5.28496193696321,5.84450869518449,3.6079078633106763,0.7561236819653026,3.0195294197374247,9.35594858161178
-52.721821154108056,-95.0,-57.90763093044379,-50.87333190281814,189.11140837940428,245.48970965882646,65.67542616823624,142.45128424127668,1.387975796479303,3.5332657275090558,0.5207294950379766,1.4302839559386413,3.005622637237919,10.0
-48.84113654363012,-76.41141620753965,-71.90812780919458,-95.0,51.52833656492174,142.49226277322748,190.67418993820488,207.9677895000056,0.47424697234688473,1.7659781827139618,2.9302479846772727,3.7757784397202894,3.38024548494455,0.5726479963280007
-73.31699199573433,-71.1599563426108,-78.97460395419648,-95.0,66.33700620868497,132.29194845455248,171.68255961578222,216.02887956376776,5.945125288502862,3.632732564189104,4.152190139414474,5.301071952040118,3.4503890280969634,1.5078790790062724
-67.21032132663692,-73.76314905737343,-74.85495411198126,-79.7992680747378,88.16796393487523,146.19029261713092,140.39809336735544,201.4738347003449,5.028653491035814,1.6262084678191862,1.5639229781109822,4.526222318682583,3.615048415492038,2.9333284392193986
-76.92267465518752,-66.52213578344531,-58.18459656196643,-91.36972969708316,100.99369900898573,147.7943889373687,131.59888868670566,184.4299306068054,1.0316708873031724,1.9457249346208751,2.1780579591599762,2.6545364268388494,3.4995352243605335,3.5340165732357742
-68.06264995118079,-60.80028718449611,-62.450202184568035,-95.0,102.93985361822652,162.2789880061875,127.92034311403371,174.23700324035866,4.923341516769089,1.860029454142896,6.228095921787691,0.7780799661272555,3.4672694601083345,3.934174625011306
-63.30260496072204,-51.1023569728204,-47.34537050612745,-62.08134553990633,96.0583094367719,153.06204384388647,123.40202609386657,167.94932435493553,2.504620602219102,1.9375079607502457,0.5874138866564724,1.758851850597166,3.473516809453496,4.57724230283019
-64.00959290422632,-79.32447687226184,-61.2281052471222,-79.47453968405861,108.82562087141078,152.97934590436435,125.84877408074647,157.90517878484894,1.7075217097410809,1.2303659923545656,4.165368611686118,4.185873485771307,3.4059271565366966,4.989584859115913
-65.29467303149016,-93.91327764726768,-73.60605610618998,-60.390612036447216,134.7194984003304,159.14168198610855,100.93173538675178,144.21853130734826,3.2630177627439707,6.149281375405224,3.9496580656517732,4.57465141663087,3.5731430682502627,6.027850746344161
-36.95819368493583,-79.0515521928354,-65.0056259153441,-67.4420543009283,132.24283979083683,172.65328797524728,86.23842307956491,161.0154243158746,1.0220435378518422,0.35296437624471366,1.358450168895436,1.7933621035730347,3.5334213074945193,6.388569089458925
-74.41091791828174,-74.38904597824566,-51.87789862907813,-78.51204426189149,145.4760592188867,172.1085472163414,85.44005763327328,138.78158160410294,0.24883539317193382,0.29481908034941107,2.1273778222317556,3.0313477874007813,3.4853404125361784,6.961549172014146
-52.499377898427255,-82.9004883148671,-45.951444300534604,-56.39525626160049,156.83281324896905,205.05621688859344,78.89993983087192,144.49254889884983,3.463916550283148,0.5200144707704197,2.7152358200034,1.3277442356603535,3.358308661935773,7.621915289179484
-60.247568586950464,-82.13136013429545,-60.42862166082974,-67.19507588101139,172.09822355864708,196.34193161922548,58.75391940052931,125.43889318455419,3.1837214016136848,0.5960050810494373,0.23274773588094622,4.279937545062962,3.3680510780850033,8.107188236540443
-64.01537612924986,-95.0,-49.36509365604113,-80.6806750047349,167.64304722120016,207.95392561199003,70.61356632233021,102.50946901713864,3.6431231169404157,0.162435667686605,5.319690979184729,0.300808710138039,3.4236478653980806,8.481418070683459
-44.73398573527918,-86.57076189245322,-45.862527811422055,-56.82848250315335,189.61517819681157,226.68578218740893,63.92852535443644,116.33922213445238,1.9559099996303821,5.388040856956398,1.38796163568046,3.116761091514565,3.5826721977725704,9.114656954108662
-90.6251455979986,-92.51697411306002,-56.33960278980901,-60.22461733506811,192.8881363875597,237.59494134642077,62.938542686847626,127.56761255157521,5.94811666071558,1.2609048671271874,2.4767529225892697,0.4081798012968836,3.575461908116616,9.532832986660312
-52.63241055590581,-72.20883580489229,-59.707458788227136,-57.38876971951923,185.38253847011373,237.0076928101477,61.90270662148175,138.05007420042108,1.9069933053830002,0.5206533429575462,3.3992428799428462,5.159984580640917,3.354248738791958,9.88899600177249
-67.40909185616219,-64.03856681519692,-71.89325857345668,-95.0,79.03132435123818,116.10197347891663,179.34146450659847,212.48864979661002,2.7725639124107992,0.3573306901637814,3.28903747832902,0.22503430093797405,4.018073551113516,2.111828117506169
-70.51982620389157,-66.43641006908186,-73.48517627796457,-81.30705015130142,97.78030532308884,135.61116934272746,171.359450462125,163.94767039308636,0.616674152176413,0.2321574411297087,0.7037052165618167,2.0905579328460746,4.084085489649252,2.4297506055506086
-66.22394756632558,-63.65251764908467,-80.34549645659574,-79.68186391900741,82.8137574635796,122.04171774978941,134.964106774021,181.73865678891303,0.027732018528437763,6.007317926035395,5.9541844411625195,1.0740796590017254,4.013143282330738,3.1178133794643124
-59.78600871373676,-62.61801180823203,-81.15779931125292,-72.27768543322745,105.28482112962755,107.70510430580529,145.15014091469408,159.90816445324447,2.1164978095698608,5.437276163489557,0.3387717754127193,5.501319681610362,4.0726979498142555,3.5793943682378755
-61.06636075555833,-63.20974485027629,-57.221708406518935,-66.07074927238875,95.29685547035623,139.17695607500244,128.27443273346,154.97240455541066,1.4163047669601294,1.7042089711446717,1.2983989031254533,2.143627742257614,4.124520767062207,4.037275877346928
-56.88475612558425,-88.98964589648833,-58.32140619393926,-58.75619210332989,145.55268826811528,169.15775969264658,114.08392966986877,139.9981648679244,2.4443745929155156,1.2554309621566695,0.43175914907828883,4.960339103814004,3.937632571415376,6.016852195595538
-60.353854669878565,-57.39506938114686,-64.88799179132799,-58.06189510053607,140.54631129774597,188.9384730593753,99.294752189431,145.27388121553193,3.0668257788813946,0.13906748708940775,4.017329145323231,5.937861947437318,3.93612428562646,6.585479970188276
-85.24129832233234,-95.0,-51.53021864054314,-56.17960326401935,148.70731313313365,170.3478202357961,68.90898351695472,131.41520724392385,3.0140100017213163,3.2022249052598895,5.267840672923651,6.24103909651761,3.8560029040419708,7.070925787147502
-76.49762778579557,-74.77125527425719,-58.5884143865324,-75.92972189800257,152.57587191200673,173.94894541629333,86.71829422586578,131.15800610794037,1.5351435520543326,3.0521500905086896,1.356872476817212,0.21480217232726773,4.134599279545061,7.468263579714446
-62.63426982578942,-70.96777292639035,-46.58164733363246,-62.95542583044305,175.99393315972915,194.68373506915083,85.38237628517398,131.95873410252975,5.4750813950489885,2.1827820884987004,0.8351375253787232,4.487574089919924,3.9570938538514326,7.9253942354610905
-66.38873283620191,-84.51990904556453,-42.26008255880993,-56.423430169216964,175.0048287912012,183.0160383329649,100.00328851227724,126.63671968917518,4.24714987938161,0.011242741154724456,1.418160428182544,3.809264983837017,3.8514387401320276,8.398332655606994
-66.37563157579947,-92.3800579441965,-69.64148831274808,-76.53703959001238,187.62570256934774,197.8778190422126,69.32131894486078,121.19050810590728,1.1010380643393844,4.3331901241053785,0.7912448425649483,5.396078288500693,4.091354634104888,9.065808673595711
-55.852902388850836,-55.358438156533445,-63.36352502210223,-61.08480978589598,197.47137878874503,211.3621910517408,86.12824508555866,112.53708227596861,2.260439171704304,1.1576664740550449,1.9190355557714138,2.100778333958549,3.879886259000867,9.424915929870105
-87.7624607489158,-71.21718258288661,-44.88905088744927,-51.69881606141336,201.08994572285113,244.6354672697584,74.67107527695188,98.46450821472978,0.8205211958971717,5.706824623424119,3.682952500582096,4.4630497703440355,3.921401433836994,10.0
-60.63162333064709,-61.34093595880635,-89.09103820303582,-72.90935610958569,90.69499743655295,99.30211001030327,161.7213522314818,177.79792914529347,3.135914066256312,2.7216181596283127,5.785474423899888,0.8787732317188981,4.594294961837321,2.4710838521736918
-65.7816770652389,-57.643994314350266,-83.62947058104024,-77.53407662275784,94.84608988112564,122.67708024601022,140.03798678599654,161.95204593545355,5.46696108020641,2.978932682418449,0.909957844365989,1.994224856374858,4.535858741687339,3.1303245677832323
-85.00566630390848,-63.020805130071196,-74.48759392185266,-83.15559641634748,126.65669621041471,144.0505183984788,137.87378198288607,166.8830008038936,3.565195734688917,2.7607303692449676,0.3536165075732045,4.970549854521618,4.534364976798632,3.587098447089147
-67.77273806011758,-84.76739900287323,-72.31366416151248,-80.12421140126378,139.1621895963047,173.21129582561534,99.2365145733691,128.94917518406342,4.720929146796017,4.634471650982377,0.7581096349994478,4.445862313136333,4.5319697362674365,6.552964718323793
-41.648407138164046,-63.54939308288829,-75.83369605457254,-61.480834095949554,154.06860357489546,163.95625808344192,92.04507585033441,124.77405658257484,2.23488968786962,5.494449882143071,1.4404344065105263,2.997082489722989,4.442025303016618,7.06734772900999
-80.76573137732079,-69.26781197480081,-42.24819874708517,-63.33430207499488,163.9113875763024,166.1646251849774,107.38363638238168,97.97351460058108,1.3801016930394088,5.320966462445504,0.25672731893560297,4.2127659361158685,4.383531488164428,7.561469458575994
-79.38579617018468,-69.2981784331459,-53.424546718261496,-54.93132720525579,182.39612344712313,193.308849704972,109.88949292521325,112.07360926783986,0.4329331917968826,4.438210113047813,6.227737016422376,3.645395974641332,4.437227639570719,8.084524625415554
-72.46212032326913,-55.45838213750107,-51.214093881734996,-43.04268368932573,161.6836434424847,177.66039391506553,78.6340416039522,100.68427517800802,3.6149941569293915,0.6703467136813366,4.033853729993689,3.5921865242386435,4.4157773404206075,8.552001296990454
-61.67086673865263,-76.05584038605261,-56.537593146597864,-54.43995858376735,198.13734136586328,189.11912607422772,80.03734815547084,99.13454709281906,1.7775859917448003,5.329008671448843,4.432028613175749,0.06901091347283295,4.530463336011037,9.112425729200572
-51.388294040384906,-76.17540068133607,-57.55708655388442,-61.83913604269639,202.66014529296362,200.90533580701342,90.50175176904794,94.7118909405863,2.792754892400268,1.483477395584714,1.6203003153860553,1.4830423038975677,4.607378643478343,9.418647852527815
-60.98684009853379,-64.78208503107935,-56.38820148216054,-58.17765410411926,188.41448058323812,206.22026138089245,85.5836543684836,115.81347496201693,2.245359324237272,4.307568470251365,3.154927381837403,2.94189032013141,4.352382108292435,10.0
-77.55541329474421,-59.97381054635168,-73.79739111666186,-95.0,88.7844023797332,111.6893413399422,178.3802037253159,176.37591908415783,5.503882108304605,6.019135314342879,2.1843402519441284,1.3031086240664216,4.881629213312506,2.6339532785902535
-79.64944679584005,-45.13248239482149,-73.73158773758234,-84.45263961609406,117.90011428013614,113.5049090930598,156.102384043704,158.00361363953658,0.3163346686427655,0.5276716914438566,5.617729569100169,2.605235440252614,4.962731843310192,2.9509327812836474
-73.85529868542207,-65.57412901215632,-81.93665078284232,-66.53681354647355,105.80716887209196,111.2559969684828,173.78124776781917,158.63241412628608,0.8423166918865927,3.4290134829322185,1.289813470941426,1.3663788952661315,5.095730984981542,3.3922598819673135
-76.4044324773239,-76.99343780418187,-73.57825512169153,-59.26464203575175,164.98710485074105,152.96426992510152,123.65890705436446,130.3444717858204,2.3787146447420437,0.5554092111150322,0.6196878542125042,0.4924637824624991,5.090777609977078,6.565422680607868
-68.99957761261605,-58.96391170469299,-46.03665137392435,-56.514215597153914,159.84722775039344,160.73724155522058,112.32253399669692,122.16693373282385,3.6814038579267088,4.988807505021441,4.390366316071143,3.6057389694844386,4.9347833826281295,6.903696739947233
-77.66436123229661,-67.14400315447573,-61.60646963235307,-42.83509900249493,176.78194382018535,158.58103540110648,109.8241907772954,113.20202224808776,3.7482624080134546,5.444056612525311,1.4039069681745875,3.7675746088192197,5.052003517140136,7.390863284416351
-55.919237710856926,-82.83857584186163,-45.749183252856284,-56.58037956662539,168.86572711509106,161.77480018855294,100.04835635228906,101.36953650246318,3.1131874368839263,1.6240360749470977,0.16404510060095134,4.3820164356117175,5.032426770743251,7.917299898571469
-69.1438671051398,-62.52629991890928,-71.00115822206712,-63.909456367913364,188.8108264688576,201.52076967500915,123.51976908626263,88.37603729792245,2.3853060567215256,2.2029788248791284,1.8759009345784126,5.268684806199513,4.931647443489089,8.45773409979915
-81.74178735030802,-74.46918312253757,-49.870678209842644,-47.89579987692314,187.40334815048263,192.14371467687164,89.8671778024113,92.09270138696161,5.1559863439374425,3.6708704434834942,1.380580120087469,5.818087230681276,4.8596110899253455,9.096088442650311
-71.12904455248857,-67.44821813365253,-59.048996120425215,-60.44409570091254,198.0862059136481,211.72664035994578,113.7786661922703,93.38979661604117,2.5275160224321174,2.9289764216270697,2.6624085468845227,0.15856671313642856,5.026480138300135,9.517247460891197
-65.127533122817,-70.05210343248,-76.05063689383928,-79.48074380963712,112.98481048123253,105.59777513269425,192.47639776803226,155.76936724860647,3.7495466732052627,5.5751638616380745,1.9383870400333763,4.286961654110126,5.3772951464073975,2.4432999573318384
-61.21272093403019,-56.93096937182149,-90.9767677293007,-74.46255990392659,126.76760921604942,101.43604017149511,180.23884714595425,159.36720883092624,2.6313502867520717,1.7137704670028988,1.008401531785271,5.011757006608666,5.6061928592451356,2.911454588117014
-66.71589521918645,-66.69361678986778,-54.717875142521024,-60.31143653459318,108.17592816164722,111.15188842443156,182.63153443910673,161.9898808958095,4.061305405849851,1.0492244927070806,2.2924173737108937,0.9365224459882135,5.49782324725932,3.618534385805921
-88.17444350609229,-69.62962477694262,-64.36837444735353,-67.14692507946882,172.55618930649075,146.79441204473275,126.93958970873473,98.83213890577234,4.6903620830764865,6.205111670439374,2.591432812841851,2.5384534273982773,5.6299551601989615,7.046602748713187
-69.79578429407225,-86.97347095813758,-55.544585283409965,-60.358585836815934,179.38976081908046,163.40179547692642,110.94706505249061,93.37897642802474,2.2280896541705104,6.1203912823333635,0.30150802248953745,5.130524585154845,5.390862532345805,7.393779790407138
-84.61690164014738,-62.21267967421242,-62.87726619589993,-71.40188892164423,187.9120368479108,184.90226803663538,91.0371992955677,85.52915131510707,1.705118489813971,3.7527680357095043,0.6228895726817325,2.2937987331254495,5.4607391578126325,8.357473462072443
-89.56367074775972,-70.38253007969469,-42.31197424248301,-40.55103676557237,207.6450659790831,204.87790235492318,107.82630344822768,86.82783014382379,3.224939479747185,2.187891393358292,4.07641692080664,2.200605526161251,5.590761624537742,8.949542703448524
-54.51718610845432,-79.37505253956715,-37.218678917924905,-61.60009703387224,201.807017530317,199.81679039057792,115.87181100200033,83.20776667930953,4.764911883288844,3.887491443773701,0.8121346958353293,3.5741553195885096,5.363675707226517,9.634836018448278
-74.25556205884642,-56.2089390866495,-66.3514802667396,-57.41212082000694,222.67263295432397,201.57351129964465,120.96809340480836,92.07839881899736,2.987862357231168,2.518553241884776,5.362560705291205,4.880379546295691,5.600937099401213,10.0
-73.6557989604317,-68.3831730847197,-93.18282256614842,-74.43974038055421,110.11787253902992,85.63446823067024,201.25043798715043,173.8724893092798,3.829510316405109,5.474658022356715,2.3696842399122566,4.457169186829789,6.0750622682376525,2.0053861849228753
-61.27499305411705,-59.28597100335892,-65.7335414012609,-87.06863935833212,123.19421065641747,99.02165636788068,176.65042467085303,172.14275287973553,0.22199896715617307,1.0742433216004557,4.749066842616371,2.482538762804067,5.85083239555954,2.5311481212952396
-72.42976354349494,-78.31300352330757,-92.697979273134,-62.4900862156769,139.6039461482155,101.26191366659117,171.96606526943347,162.83477600088446,0.02887834827833502,5.659197355399966,2.9629674889403983,2.7024993852313988,5.941886914465839,3.016525869047427
-70.11526257168924,-58.66488534001762,-49.91242849283578,-47.91010365491789,169.1428155516642,151.54829328321458,129.31378591876742,104.13819468172635,2.8064043636070237,4.586988770583721,3.4166386904321886,3.265998210775738,5.94373331188739,6.886507705202814
-72.1837184039629,-59.44881051453924,-53.04419876791453,-59.53099944898145,176.63519590719068,164.2063233192593,128.7421126710968,83.04997167256379,5.874320667021134,4.7925503607728315,2.0126726794244103,5.271821342299944,5.974151580996421,7.628489455315322
-88.92741308473715,-78.89308716219703,-32.62619875821734,-40.84118584361559,201.38968332429855,162.5614444759577,134.7538951812128,91.6013815420652,2.268175140665505,5.657896962963768,5.452967747843509,5.051711940656867,6.064205074715638,8.070224382306991
-73.76637232890862,-54.073638154882794,-62.624074784913844,-61.79403299816421,169.83402097559275,181.29448967602553,99.80118421168916,73.12618700499121,0.7496738529716129,2.330921922362435,1.3710486492918275,0.7102957746492891,5.904940841467531,8.561555731781116
-58.880716972769065,-61.056632716575216,-69.82899518551757,-66.40137626666412,226.3534305875926,192.03723678045372,108.95362175137376,61.8755103926208,0.2616276837853837,3.9424873296465286,2.2904528533703674,5.169547871561932,6.102265620860782,9.39724814661536
-70.13883332891507,-66.95511391161496,-62.207705972107036,-77.61423404850136,237.81027177901726,229.1393596290726,110.31909626189068,74.43371133708989,2.42394088113674,3.6128914651449033,0.4998829866331871,5.381317847086637,5.975003730496788,9.94473552449879
-60.824670508296364,-45.655617944385625,-69.77037806253274,-68.26910763577838,118.6813082591651,65.76645127781862,217.47345378255335,214.72339927225107,4.563706109001242,4.4539184249879895,2.1551918259586547,2.3347579550784494,6.563454708740067,0.0
-50.09660319447137,-54.56815044420094,-79.57856847372788,-87.15956148516425,132.39619303825685,87.2797959450904,192.72638736656313,157.26835719390405,3.4522654057118807,3.864209910883744,1.5325479007160903,3.1713249551033513,6.448689665330876,1.135326914832007
-77.61760468188513,-48.28841002312571,-78.9411815421297,-79.64333146261157,124.30852769344375,83.10583226215641,193.62183135108552,186.24727472310576,5.925450066984508,3.0023631111121993,2.9941223277250755,4.319330568355697,6.46236073683009,1.603930024361073
-61.365115246592225,-54.24895889284811,-57.62030665776622,-77.13635371644774,130.07667728792163,77.32484607530085,198.31962901546984,166.1800539750756,5.071756098245958,1.1220401084686316,4.078888358188843,3.4019409146428377,6.451852721358951,2.047323616580548
-65.55736546511841,-61.82315442821654,-57.95188019288165,-65.49277596298357,131.725831513735,81.66580544901473,187.48948691109518,142.06294688401505,5.40739496848366,2.889945392166574,2.6244604862009684,3.913193351761077,6.447869034723502,3.080431256593061
-58.05255198629254,-54.82166563493954,-95.0,-52.76859399969814,150.81039347454984,84.52203287359195,184.04536674386935,152.93910179999392,6.27736587130109,1.1044192526605032,0.40823628253349575,4.565149255258618,6.460326025894788,3.3880204655288666
-79.15577695128007,-72.67342245636586,-69.05409728602761,-66.75303812360902,162.18310322186332,101.9045257547578,151.40134217288494,137.65050356849667,1.278872368263869,4.442724625180853,0.17394741936763225,3.1787944313037197,6.394666513413927,3.983521034631217
-81.58056716291395,-79.08060401424231,-86.29661859639644,-66.13805540208384,143.51390019365664,116.67329205851625,160.2949907387841,120.0939617848579,5.438405469103544,2.5655898421538623,0.6095577870016369,2.6639096303561995,6.4397786803452695,4.648061711879447
-61.71155165884538,-54.756502750985945,-48.942492419300834,-73.02449393198908,152.99731561269178,133.609071249933,145.16203735495063,106.89970334063261,4.234616929630764,3.9853594134832715,2.348569966907961,4.858083111755643,6.552878961093562,5.620069403987579
-60.27957815538066,-56.38443136840814,-49.810279024937316,-43.24287291594393,208.12142417678908,165.71018510657706,135.8729317460556,86.6230890451951,1.5702267977140365,1.168642365073839,5.111329594184655,0.23786488236764924,6.576562209452756,7.497066701209435
-91.74880209221936,-50.96068768498101,-58.852431498398545,-63.935361915752665,195.01220021322084,176.4350449930278,125.80922021964787,72.49887336640256,1.5673765918230205,0.7521823321651091,6.013081119995736,0.9931139952126831,6.381577419277619,8.093598624801334
-69.62760607060615,-67.19180965712232,-76.74922414313872,-51.509218516666735,207.70656240979707,182.637345580697,121.65699229520057,61.128302915300196,2.40752041395983,2.5636329270928138,2.661410366507317,5.451953545699027,6.595830961670933,8.44732472313174
-78.39822179431764,-58.86426882432333,-58.6963687933888,-50.840230619602984,208.98931319340073,190.9897577346755,129.38234635555455,58.332034629754986,1.0911020776540576,3.7111385760866433,2.1644369044314047,1.9627301526510923,6.550423853398136,9.122127901509621
-70.5249239252074,-69.24214139599195,-49.48022416658888,-53.16192923369536,208.97034041403552,195.63554773544897,113.63528241583808,78.30006045672353,2.1603913373915162,4.29517591669916,1.8187747788205835,3.1359120211170293,6.479447788471307,9.404215173956699
-49.63512984369292,-60.553376516496385,-63.47438157819686,-47.852682370346066,209.1269844163248,207.96863162997707,128.4544823628057,51.71926417093965,1.9586321829437239,4.748798664843928,3.7259475698301934,0.04523384935201946,6.644509602006525,10.0
-73.76296165560127,-54.80707575441854,-90.42787148573879,-58.901514379455456,139.6084192271692,60.155020530350285,230.22611073104542,204.864272248923,2.0765748093517122,0.19124350517630972,0.06726997381807998,2.981903955145481,7.0440420688493735,0.0
-59.95619354753326,-37.9384295549026,-93.00940440694302,-79.78645730259397,134.81834966265586,58.73903537609914,202.45110843653848,178.21710735743102,0.11254413754917669,3.8097464909531187,3.86758195429722,1.50139507141333,7.035899412527954,1.1127911880430104
-80.15536341903916,-48.552396994944274,-85.91114964947784,-68.34683963657386,167.5302674663603,65.13660387448265,210.33060515980407,182.6850701989552,2.518683624228462,4.978526390169655,3.252437406969519,2.613501337476963,7.074275006665183,1.5326962969804216
-76.43399178619711,-44.31649768235163,-95.0,-73.26744488144787,135.35812903117477,65.89363571737337,210.37146627337606,164.1254147994563,3.874098827603314,0.8019988208235516,5.698280394686209,2.2190480447907523,7.0249951649016085,2.066820042371841
-53.02513517162606,-68.97873294007937,-69.0849048278314,-61.2034698166156,151.48033853834312,91.78690904004799,201.84604658380633,154.19364297691777,0.4588942049538778,1.616148081424785,5.747878859320325,3.6894579339872444,6.9764593810609785,2.9172705756146233
-72.41893655916978,-61.30520951395944,-46.502535651438535,-72.83893107091077,140.75155175373584,90.81531340646306,178.62181667731014,120.99665124387361,0.702092331034021,2.820222033985101,4.010154024872571,0.33650735756187977,6.865690371966725,4.068350268416568
-54.13817706353016,-61.99623341496623,-72.03651302756307,-60.772407853009106,160.87915515034126,101.21906345825109,170.57732947277242,113.89749464835562,3.2135878648029825,1.7905708470981594,4.610055182457042,3.7029550384201926,6.973266059032768,4.6213861999858175
-65.97606783631622,-68.62537234422703,-73.2107309818824,-58.97960416915012,179.7191712334828,126.66034262498134,155.9247683207187,111.68977549025433,3.5695113151005096,1.9933619144750772,5.985755346678919,2.9000508956228113,6.913266848072842,5.099390118949965
-86.75561404755516,-46.19964736940237,-79.30222245381508,-56.152429015116546,157.70405380741386,126.01544582731475,155.55372813953915,99.29255668578165,1.527912992802321,1.5914561644569243,3.475907056697284,0.4962856747613449,7.052372658233111,5.636209971187676
-66.93343358968545,-50.15427143283679,-58.344618045832874,-53.48895337416982,148.3129066894198,130.34938602146465,156.07635444164825,106.43331564115148,4.215309776441827,3.4642101314951006,2.410152037529542,0.07894090106534435,7.022122637291351,5.934218291165598
-76.55387924729406,-67.00797272273111,-50.25280898347407,-63.77636028855338,209.46785831654574,164.94980271690068,134.6169027386392,77.69406541199831,1.9604933313544421,2.5069104392703068,5.426331401864072,2.1290997992119505,7.004894646872953,7.899519591200795
-84.052618448064,-77.6861598674593,-66.15478573062587,-54.808646888608685,186.37974557831168,162.05770257862272,165.17048051533098,64.56509912124902,3.2202473525918762,4.50466713327503,4.254691840422371,5.888013815104163,7.108372974703616,8.556570452710428
-70.6892701711576,-73.67084526864633,-54.34197601311017,-43.10635238970083,222.1861961001457,198.63800439255473,126.90757179685728,56.420812875790446,0.6697936318048354,0.02570704448995187,2.0532796400621702,4.550137555399029,6.867740045488645,8.950930596741735
-62.43913439282489,-95.0,-78.18540715402112,-49.640754528356574,222.07088871952294,186.67695383310186,131.90542948334735,58.79530967234708,1.3986164496976254,1.1563214440594614,5.977634530511803,1.9993710146045451,7.121334133548479,9.587125251882606
-82.93471867789715,-44.687698419848395,-45.94605510170103,-52.02228325758653,223.30825470863968,183.17522480482054,138.13655530259936,58.97783152766135,5.383084307888037,4.383539122553298,3.0692194716915875,0.8101673078039484,7.118739342076305,9.915480733014773
-63.56577126037331,-50.92503343545953,-49.422403828676366,-78.85664071938486,134.09838389789772,46.339869276409914,220.68423264967186,202.53298069438657,0.251857722052911,2.0679488554973173,6.099920505783034,5.853115800212954,7.402336250722934,0.0
-60.0396787336532,-34.800043520276354,-86.40571405622292,-87.97525552096371,148.3213337522862,42.352611192712494,236.63083260257775,198.253951397298,1.304195036893276,5.896549661088734,6.033906731527978,2.6597083191123025,7.484687231074534,0.4234760293688808
-64.55420908140228,-51.77164010653054,-67.74361150727582,-60.70966354196392,145.2602417693639,56.062361055186145,246.13550841653836,174.98005038827023,3.2210458378093287,1.1252959936033946,1.790868541130854,0.7820514158454888,7.39649627794446,0.8547193672934675
-65.29334984170563,-69.59229771887601,-93.99457891536713,-41.814168212952914,153.5149289682261,78.30514865394211,195.62861391037504,143.07159193531118,0.20018501947382106,0.8221643163391477,1.8568598351176995,0.2710397445517563,7.583383395388467,2.9976990728078245
-60.669133740369176,-48.855195619314166,-69.30795157604936,-66.22392189210855,175.78437891338476,77.2796715133785,174.64044502341721,141.78115228445023,5.589827715753502,4.582960344280079,0.6613191499995104,0.6222083599613519,7.493554259184066,3.5348176201287087
-79.2247893729691,-63.785731112063424,-71.20303337474152,-64.6141608617194,154.2662439040359,78.07606937855573,191.74283864753363,114.10576530468575,3.3276770303774494,4.245607557775423,0.3840170958116502,0.898941733473249,7.368887301091034,3.852042395645038
-84.54828616420212,-62.900562299299736,-73.7370240364635,-74.94844677795543,182.27728338045043,83.99078173478668,190.9007982131724,105.91010676347558,4.707144775148933,3.2010392390427675,3.260016765434609,0.7494850459804923,7.397829507366862,4.407332072008182
-91.2143359761306,-52.411183736414316,-55.742885290222624,-43.42003497325544,173.23697439984267,113.71690061962043,174.82806368674554,119.27221923989374,1.9885442031442686,0.6575924736083367,5.923016074585298,5.3922316934810945,7.62326333055704,4.871269791947766
-87.30986825910861,-45.560472693362264,-52.06618483402147,-58.75884631896333,169.47473617107875,109.22638945661703,147.04412487351286,91.18960310695697,0.5526924344280033,1.4704419847456647,6.175468346406124,5.350085652791716,7.35610930326578,5.394154993336526
-63.55290862061158,-84.32688694321322,-80.83190825224102,-48.299604931351475,171.39688779348114,126.60931572203447,150.7185495782753,89.39451500309337,4.0625339781245,2.906490523632027,2.5752658509307302,0.9707483020417733,7.419725682124064,5.939535731124083
-81.51188307767255,-67.19942900346209,-78.71475155742851,-70.00348058971173,183.76911678546634,115.94969755215993,157.12156387941528,81.87140295080776,5.436647730406279,2.879272281664946,5.499209172561001,5.012511817773151,7.555210312374997,6.4237308970056555
-95.0,-95.0,-59.642302041364616,-54.361438897105344,211.63042659944614,142.8102430552814,154.42375848708036,63.060371943770306,0.8522633069041472,4.099621620143162,1.889406202196401,6.108607518627812,7.631682155222339,7.38011088491947
-95.0,-54.381270317770145,-58.73439303519026,-39.6096724200535,211.91212733886144,150.44455128245139,170.03185712189662,61.43446296340784,1.4782453087636016,5.0514347050428725,0.8144567446590756,5.08551692292415,7.612275080775572,7.8571517325096005
-70.7204953553689,-56.96673215855213,-37.21425682373432,-32.10285031408626,224.36517226048989,149.09691422449097,142.4868028183674,43.22756152635543,5.868422879249545,3.581547228709013,4.67265284420542,5.827999039352362,7.513590142565488,8.486976676143367
-71.60861115969557,-60.980872094807545,-66.18156402034894,-42.225130123176086,220.61246501536223,200.29077246595034,152.71006718792722,64.77727829579335,5.128545488342608,4.555276748172544,1.6447319275217094,5.883895918573169,7.390959014337348,9.074678356397865
-55.347490490980725,-70.17361403929088,-37.8773152477013,-40.04998667396612,224.67053813666925,190.3341143739405,133.9647869534051,42.63005806581327,1.8532632250224879,5.370479879678069,3.1158460842102573,2.3525177355275355,7.4068006132547834,9.615687442609389
-86.33342694220954,-57.01443479957173,-65.00873101884214,-33.66710160315121,231.34373400179172,183.19887171289466,131.15132971485957,46.43109913976387,5.039647013075559,0.8988003829577487,1.0014142130098787,5.657060314415059,7.451375526802375,9.862237795287946
-58.785291992084666,-48.50211457745961,-87.31404184657448,-89.4936638313841,135.02665675326247,40.222212839831464,233.20324420372893,185.1005912677598,4.752617917245521,4.199538286096727,4.51420572777268,2.7776599904608994,7.9405632795658,0.029744309825195908
-81.61800499461263,-46.81836226125566,-79.75992855730348,-71.81822539866668,150.0804775721361,41.134979290892105,236.2541979746786,206.99222986643576,1.894930487718355,5.775816740733632,2.8412998863342196,0.9895581808870295,7.882072352680336,0.5385250636170854
-77.7678010241313,-43.032699938051934,-76.24905760031686,-62.20080981934191,178.57240931558857,59.32860341155343,225.97250442860968,132.5608325402274,0.9773475296281271,1.0414471540511236,3.7613537458213586,2.081330869717563,8.028099349730411,2.998508882783633
-65.23589629783896,-56.19870703470372,-91.47529077965072,-73.55968191217485,169.21643859998272,79.62347210488842,210.87547503029168,121.00496611458124,2.977248782821775,5.617105847385631,1.3289440256856064,4.507288713621642,8.018391483412909,3.370435153999413
-78.75494554248922,-46.153959245278166,-73.60055370001768,-84.13550323286427,167.7471011217099,77.09140906107031,204.44242573590273,105.1313812184116,4.50457940447415,4.256848438491172,5.952715188453038,3.5934280901004207,8.136058292879154,4.1319071854407605
-66.98598825319051,-53.75790131905589,-59.57784554171419,-80.0068284396612,188.1462181256289,105.2515617363625,182.2622517140505,94.21774880542496,3.5236727950688156,0.5151441571126087,1.5393401698310933,2.62173880801184,7.950744034878451,4.9295490621216835
-92.65164401818282,-46.85773864571221,-68.0115433521928,-70.17842033540504,180.45687935750692,94.19112624834612,187.04109033365074,95.17513743374316,4.892263983344332,4.925497706295996,6.100663456637559,3.288243425303733,7.980924367004986,5.549093149825271
-78.25827469545857,-56.78252977666198,-55.745325848202995,-66.30949449316606,199.15490402157772,117.38392708484645,172.22464287329956,82.56719854254185,3.7041601431599034,3.0831749571972633,5.63527817682365,1.8630188204195104,8.028596376490137,5.902762064876629
-83.03377375128244,-59.17905300849581,-75.6743437868416,-59.566835993796246,196.30140768042364,106.06647723899154,169.43925799962645,78.18783267810313,3.551922184900045,1.2631736856997744,1.39367214366189,0.3505258850767259,7.984530398711627,6.442413880556383
-66.95627275899112,-45.34674855223615,-83.14912127986446,-71.30160148046345,196.4831798371621,140.00073394316394,162.090106151782,53.157570113598,0.572340697978305,0.05996402102287224,1.7314928238119744,2.9314284234974224,7.946681548404753,7.139725610191482
-63.60181791781792,-51.13877178969809,-81.53068924023319,-66.77980333601934,228.31771895284612,157.03493266354693,167.17246955640005,56.5438818480057,1.8666245845854306,1.9172396406075904,3.071858367116015,6.126316154586789,7.916868516078082,7.56091423603498
-71.48499289969702,-88.90424424854801,-53.82223835353351,-46.13044502545088,202.89416924328333,163.84924907748808,160.86365069609366,45.83320142662366,0.6223474748111375,2.507881799226663,5.164632924158488,1.5389578090196743,7.950163384406288,8.386486474194534
-64.84639528448055,-77.6381217882884,-74.57149963451198,-48.05288149964535,253.05413439759056,193.07978389497876,152.9796219641735,49.67882926675208,1.81805314313209,3.6682843682079924,0.41629545767024645,5.784062708461375,8.012930041066811,9.068296534459412
-82.8375723375453,-95.0,-67.27081298081615,-41.62408857652568,210.36753075158154,176.76130687985363,162.7907555949706,46.45296021070124,3.7062891507439453,5.349256289409272,5.781863030398156,5.372199139980545,7.861347075620284,9.500622313889687
-95.0,-48.3873966989745,-75.99582784302012,-51.33120422955132,245.3211896066707,197.32783755510687,151.3056926352403,39.945227977368155,2.0881583413896223,5.6836905212324735,1.0601729589585351,3.0296878256742663,8.042998321714348,10.0
-88.9076792920752,-34.907140331377725,-80.51017967982915,-75.9134675572394,177.88289480330545,17.993045288792217,254.98300635723942,175.87892647992572,6.101796293549353,1.5584918467948095,1.7184042021758286,4.594294829934558,8.619477098883475,0.0
-63.231016329439335,-51.485538417480356,-95.0,-62.27900850031815,153.92349881639288,30.39600366550552,255.64529126846327,189.50503631347894,2.064554866516099,6.15763353193875,4.95217301865338,2.5396793063598944,8.52808008536656,0.42809518297197413
-51.139557506889545,-40.20393931621905,-65.36454762715987,-87.34807897274155,170.30590584184722,25.41636798210795,225.4287907242133,169.74995517200696,6.068303986522617,0.691820642709791,2.8284245693982495,4.478060438604125,8.450474074717022,0.9886694954268543
-55.8905493667686,-48.397874659508446,-58.55312161859597,-49.46490695998928,160.6543575815434,49.708159561617755,183.25813882821026,141.4768742013051,2.319864251740036,3.9825211305718966,0.5846000229115789,0.3781141980454876,8.399415884918662,2.9029062303713418
-82.88592507497857,-30.39129682737299,-77.42292785860852,-45.71765315348236,177.85894355387595,72.36220330133335,201.45018424215098,128.27641296561637,5.898096502241452,1.5270432444836337,5.177953091335297,5.659007692411235,8.357849289203598,3.3639328950034653
-89.61488220849351,-60.715906113786446,-87.46719524835154,-40.142142293302186,157.9295149179063,67.21216460460174,191.00810147933797,119.87152122503873,3.1192936814384753,3.3836518703653122,2.549586380347867,1.0762459667935582,8.479176268671523,4.012227340144545
-85.42463772893811,-68.59697171228495,-83.89481010146596,-64.5392996948684,183.20491548769837,101.07534723570329,187.5958757551114,112.29769380881964,3.91309572577833,4.164372288397988,2.6159874175518656,4.296429933094805,8.447927241434257,4.4587186177111855
-79.50135105839286,-66.45899341686587,-83.17910982132675,-56.386753614511214,187.64717096423792,96.56059499687974,175.62744403492667,99.14940242137567,3.1397337059233923,1.0397785386535863,4.432512639058024,2.750993093952143,8.610312209367848,5.011289078468725
-74.71490731454779,-48.102941150388766,-65.03245913610178,-63.17177137081151,188.74909790167098,105.73685136151911,168.7744906054281,95.52300999141073,4.343811386712115,0.979951046643075,5.223016797991011,0.24593884301369684,8.634617629586035,5.520305779911909
-81.95625275917399,-63.71098926015312,-63.24370369690157,-61.993758556007414,202.10580526253705,121.29053216743507,172.3790660092799,90.87516148658523,2.3596959603645296,6.025576517772101,5.847257216754251,5.622668099022271,8.525469593485123,5.934047387425083
-80.79624174350224,-60.495038789830446,-71.67079311172068,-53.41785665105427,180.24372233776126,112.8747747800084,159.11237014946835,89.08760139170211,0.07598833629429436,5.557389333958696,4.983932628347372,2.887336244711694,8.383427176433392,6.392465947736801
-52.73537656501277,-69.79232509007049,-70.2922304353277,-61.07357281909281,219.87056597727883,162.12496248506883,172.86547199597274,75.49028508764778,2.7704041553990617,1.5714433640408938,1.6964297092868388,2.0759911540649707,8.563592420206382,6.997394466100216
-87.24354930841301,-85.988861635668,-49.264825739422086,-40.83705327849095,231.28602019260148,174.08918774587846,155.922457943833,35.18841937864971,1.9232588177323944,5.030337709959417,5.967245067034348,3.2066872522425776,8.44152605158156,8.89429177885695
-75.23253316106772,-55.90589162405804,-72.52674893465034,-38.79443631761663,240.64457536583475,199.5471411599577,161.17019061984072,30.92754983514812,1.6906477334241536,5.162802155809981,5.8448731235172176,1.5554918990522317,8.639362651927325,9.506829305170553
-93.68818368707907,-76.98211012457891,-64.29400918279845,-41.47282198175799,234.122528500129,190.45398653287253,147.71668365668089,35.771124993491696,3.511689598059318,5.9455695847162975,0.9560631554887689,2.073455159652463,8.57651889566627,9.906622467574726
-71.65422917724919,-47.424375943838555,-68.72890492281554,-67.48929850812556,183.28311906589715,16.05857931430697,275.70895400161004,177.02837265735607,2.829979968940771,2.0751138236327913,3.6940486084458612,2.5506211614754353,9.066346033730506,0.06391100616706272
-48.5009833017656,-44.174165578966814,-82.47020112655701,-43.34048903230521,167.411317108683,15.983985765547438,266.90363863662327,202.5276202147792,1.9062325563472733,3.6398068353750297,2.8972816855754324,5.856911999428647,9.041541114166549,0.6096241368643244
-59.60792336495884,-46.59558888375425,-82.88351867396685,-63.56732659541837,165.62685295409668,31.34719126218988,228.67765721618912,180.36140958082018,2.95839260279419,3.3144612893030154,5.064204494743912,2.1158146488587164,8.982113395929009,1.1218401150664192
-71.53543851038128,-25.0,-77.1171649848494,-49.099843716590385,145.13385297587428,53.10051438449935,225.49669426027654,139.61321138583423,3.3982198608928353,6.099442524300528,4.659659087023417,5.426359648663969,8.898367468605363,2.530093181172357
-62.56109401251367,-57.435416734199976,-59.65624964518487,-46.19145008873984,181.4679446689578,59.39654817525119,216.70160254159228,129.05909274282922,1.8849576646163797,2.170191255789862,2.9904805009196984,1.4149163686707489,9.051495054180034,3.064842513511895
-76.57529137976236,-48.758050811344134,-85.3505458562783,-71.44304905890937,188.69392167364688,56.0434848272937,213.23970693285062,121.84948475712199,5.618715042590749,5.698418562800014,5.498849996523252,1.6230229686034203,9.145418285057708,3.616978130023674
-82.42426694336318,-41.64863070083812,-51.369268696494416,-49.883898588465044,192.7231324152654,78.42885888201141,195.59088501715232,118.48598416240438,4.092487890496111,6.1528364907779185,0.298049091075117,2.893302013460774,8.913400935863612,3.8779948750613036
-80.86695806672834,-68.47234630001387,-68.58408578905726,-73.85029203068038,196.1059301187817,78.58155169127986,202.32020414576021,96.25180836259538,4.5268324919571725,5.626569063994803,4.704938493010214,2.1575690781256345,8.93117409761561,4.465329298600281
-76.18177667222339,-60.548956627167165,-73.58501692334379,-59.54989163339465,194.6233653315524,101.77441124187133,208.20960443695185,100.1699817374967,1.8040810053766947,0.3748055524974543,1.146819229115824,3.868595519443634,8.974423007087886,4.856396644794453
-63.77580213801469,-75.39306862514837,-85.07127916073108,-77.45490941276843,196.56075099668845,107.53606499533329,188.16815134452588,94.75328566508124,2.5178629960908765,2.1649670597796398,3.85052022244189,6.282204006710957,9.08937945358335,5.367542543645649
-62.43002835571055,-46.578239321139655,-75.50289973959117,-69.03954718746854,208.90040847639145,109.25345494454066,183.8301010248872,67.57478279513619,5.886620004656899,1.560105388864967,5.378651149214058,3.791594508041298,8.9379183638513,6.046646720190671
-90.36258790875674,-66.32008204163824,-63.13108868777397,-32.26261810448982,198.8078744511978,122.83379919407291,204.81851565257185,75.32959284213739,5.403609640141646,5.663996074136618,1.3775127753701977,2.6063462708018803,8.988072481042781,6.568238146260191
-70.55730733887206,-57.40385308618225,-69.0150833204119,-52.72817019834854,208.6710125057882,136.27041614383512,198.49445446961658,51.427091359658604,4.532018154507299,0.5894587762521795,5.165652207493814,2.2966361479088278,8.902202419521528,6.8659892277840395
-80.89217833363085,-75.82316635674216,-54.424018513128146,-49.78809670518462,233.4454980759243,180.72797039945152,173.05511088032014,26.135017208747097,3.70807340996409,1.2670108523290464,2.3626671151092875,2.394213818698425,8.990693631850752,8.928696199246914
-60.57158926594438,-77.49350748302034,-66.06653409656413,-38.43096312237306,255.365999202514,170.01162664179748,173.33496103388742,21.730340778132092,5.3112014210753316,4.571861408517088,1.8388223106102224,5.188726367863239,9.143346042321964,9.63008753490505
-89.5909747649878,-80.30312587366014,-72.68829149398415,-25.0,263.9516613566149,205.66880918687687,176.0801701005991,20.845012962435163,5.938067605405255,0.8514925091084251,1.2691312688342613,0.6179477948084546,9.018021968090782,10.0
-74.94786994610328,-26.000242256935106,-95.0,-90.73951951215184,197.22280379334833,11.594989522804742,256.35008750478937,200.62525663033713,3.484805111652818,4.1552886538478475,6.2289710091938595,5.817976067834074,9.562287259737406,0.00024627297612908605
-82.7120088137314,-25.0,-69.56350081904021,-66.81675286019117,194.64858520043026,18.5594345772914,276.81092761042294,177.95037739249813,2.093371395915131,4.523935390299755,2.3923050602618616,1.550169275300071,9.638307815083254,0.3627018222057855
-71.47980065542062,-38.64977541019456,-79.31279521196295,-85.8944074877247,178.8801500585605,22.364081366066866,257.779638734366,161.6022391263566,5.097376977948816,3.4462768500112375,2.4115048656403673,2.795027696435877,9.358877357847865,1.0663703500857256
-79.46933879838167,-46.402598271128056,-62.71980215690528,-68.94826808002523,171.31884849720976,47.019618090725935,245.1804406958664,155.55210223133022,2.8329090271662674,5.478262708624584,3.118224997689113,4.320180270719526,9.465953088111295,1.604513516779188
-66.24311950667072,-43.25927978344576,-74.17685754806953,-59.920275997032356,184.4613849707983,38.338018887360434,261.31181436291706,156.84583455370793,3.6423545734199543,4.976752371430074,2.74267698986694,3.8827045023499434,9.374071061878784,2.0242550180646655
-77.3805739591535,-36.31599182779806,-89.86495214867506,-68.63819913017619,198.0010918682717,38.01949161113503,235.89940899487524,164.27760310406944,2.6947058771614234,2.363443140694694,3.603854345132472,1.5038885818112266,9.61374049760062,2.4354410428072337
-83.41295926322802,-51.47537477355279,-80.30202486825569,-55.98017131633553,178.81169578998868,45.39913459104386,221.0674424929238,131.2977246896405,0.5583284372637678,3.0313978689179066,3.4139345666459557,0.07587209259250649,9.584660767007177,2.9367375376492424
-79.76375492253679,-53.69399839625336,-68.69694881965597,-68.84082386394508,187.10243194644482,68.41647822300372,216.1487807417885,117.76241646850373,5.955672115499798,2.079287224957402,3.3669545625482504,0.4544671954641517,9.39396987074999,3.5668851946579805
-85.92818760884022,-60.40992777002643,-64.8021288840214,-66.9402737513561,210.34261179277317,74.29829056338065,218.22599714341652,112.52763818235758,0.416027751709517,1.5714224356971833,6.172431032712272,0.8418122714467536,9.617246660609325,3.976331759895531
-75.9117998133118,-56.79579636176703,-66.09459791945395,-53.41621710722249,173.2834905655634,104.14918008436335,219.3170562990741,96.12941351560814,3.676124969822582,1.0237841183354295,3.0520776523530415,4.381858949966773,9.600295587745517,4.551771221158002
-68.24620646416726,-55.02593972387842,-62.26859914228642,-69.63548678560005,219.13748270000818,102.74468076190487,207.99124437172046,86.79448282878484,6.267036671003691,5.355589369988069,4.430374180112679,5.677745482647863,9.3757359623756,5.033015028812205
-65.33670637702438,-74.88972224533346,-61.34605339491969,-54.93864014158664,192.26754327490107,94.06061761649241,206.13046852582855,97.67288512631738,0.26689546138364584,3.9889812532975193,5.347435239133588,3.650894814904749,9.491908924945813,5.455609608480357
-95.0,-68.97601396173435,-76.55099015422634,-67.61965922906198,211.78080784650706,107.04017106744581,170.47181561332079,84.40076824776268,4.547723817087267,2.9367711184692418,1.6908648829814452,3.3243086162938176,9.531016527636606,6.134535605273336
-74.40682713040086,-58.75060698260676,-47.87287700219058,-49.38628826003132,204.33061224945524,133.19079090599524,199.20219985081445,63.18410634717479,6.056756112854032,5.8694016787916,1.4711922549970478,4.274452418165136,9.558118763092137,6.572591705051662
-86.01076600171764,-65.86078426994028,-82.04201033421255,-53.16923895774106,228.41308239390298,111.03929213744254,210.1379826415794,52.042481093608274,1.7070178773339366,1.5045004682091547,3.852902880760965,5.695278483921352,9.581489850709929,7.051942747760056
-95.0,-73.46986803142585,-63.775187341200386,-41.70815424387047,262.697509845962,159.4921769190973,167.11035520170086,16.08718718880916,0.8911288572342642,5.515198417780798,6.213637946841622,2.8463451103517663,9.549218729224169,9.131540681437233
-89.66028047417741,-83.40882727535632,-54.881048870367955,-25.0,243.78785568953884,182.5293809054225,153.70089703003012,9.297792373954257,4.302191431688627,3.33706347231648,2.7282628428039457,2.6365766835562496,9.457764759375747,9.560217283862656
-83.97907998787888,-77.88411059253797,-70.29221334866318,-32.62616952445561,240.75145513903345,161.39377107206155,169.49224841633492,13.211089063166337,3.1638416356253316,0.5158597882069103,3.572648246884631,5.168205399026734,9.530715503148809,10.0
-71.38779759033049,-25.0,-78.40239341802412,-66.92225644112115,192.63197719801025,9.783850727028753,266.58033525132953,169.38308840610472,1.1102196227149428,4.231252253970106,1.4202780147637397,1.0521767533100341,10.0,0.13966824748002457
-83.0407997170937,-37.39853902089956,-86.38153630268731,-63.80586756254727,195.7778493426041,10.890324540723682,246.331022477689,162.0010798632988,1.5387223961083993,4.52097357570322,4.397249801617434,2.711419090845933,9.916424997942231,0.4436341036461381
-79.87438282285207,-38.574813142581014,-95.0,-62.95449043701511,201.5830948526853,20.51186656662421,273.8723332128069,174.71063147936167,0.45125797585689753,1.7970703691949428,3.868356621053021,4.747969652574227,10.0,1.1450037138005151
-62.12246338730397,-32.78117675967784,-69.57046769590669,-73.45061442907163,200.67845507869762,32.88808183064446,249.9613522009643,147.47262015594623,4.196618518797866,1.7944724876438602,4.688144537519769,3.7320002759096216,9.957397512084835,1.4956974244234784
-95.0,-29.633426966595444,-80.52451433637111,-80.2587759600683,184.88747465838549,39.98510465771662,242.62183744204933,152.10278211415076,4.23137582010353,2.1326928335683526,3.450697858752285,1.1546894131493535,10.0,2.069798082637805
-81.44725625103803,-42.075204605607084,-95.0,-77.38605967298274,197.71909116344972,57.573735409989034,259.4023248249836,143.5369942103561,1.2148374756312137,5.87229008863905,4.354152671723641,5.9155906961283735,9.976194736970863,2.3601084100446963
-91.02791235211765,-43.46514409267572,-95.0,-47.03947087520112,222.82191085130296,48.56842470866627,245.938590731384,133.6767508180326,5.366414759298465,5.80376633563416,4.4023788913209,1.5999767580466615,10.0,3.383171306627464
-82.3069516300658,-64.49449243775797,-95.0,-71.40641277655762,198.50336211178282,71.88714717329972,212.19045973127837,114.00576685675034,2.2909556099787522,3.331817603033849,5.450692288916608,1.8774168341775752,10.0,3.937732269221376
-91.07830780438759,-58.52807260862667,-81.11706353125419,-44.84253544715329,226.75402300912577,97.90181321244206,216.9153239449542,126.36102460887025,5.982921705284043,0.9823649499403597,5.631485844640379,5.7081153827194235,9.982350511700622,4.386862152696266
-75.10515761714463,-58.278311963490665,-93.21152242761079,-63.14728123935128,209.6435225857041,97.11809276416798,216.953632844501,91.43367126679783,1.7527408906983102,0.4590097608756576,3.7621678833236314,2.7659402512718643,9.929065722377297,4.856192260562814
-91.60962651795427,-47.60761873665936,-89.71759029489988,-60.57221801562132,230.35799073989227,104.53683492534896,216.19755229929189,103.16985161434863,3.899346459140329,2.692039210061847,3.673252561601787,1.4503524353658133,9.94216580432592,5.548281145378987
-94.85903410353917,-63.82769771946804,-55.209563404370364,-72.5198274929252,224.67716351491237,121.64844545511642,239.75129840615898,78.38711919623444,4.927482297149049,5.218043190849085,2.6387582921970116,0.45875970609054884,10.0,5.8745547716913356
-83.58417481175366,-60.729688705421964,-74.1107634659092,-54.71174575802277,227.2948206095677,115.04304654609278,212.01605047094452,66.53114585149119,3.3468852166477525,2.6606119774809747,5.554651899902204,3.152814950367326,9.972830657659973,6.375468500562865
-80.56687504253944,-66.404151903427,-83.95068246301818,-55.91700799782783,224.20974965784524,130.41476000374982,192.5278750043153,59.25865747010374,4.972836602482012,3.3714565648349653,3.7839813809038856,2.352673992499575,10.0,7.083635096438632
-63.070415131422926,-80.1381154376336,-78.58111232318875,-50.77835320779149,246.21879825358042,141.40166555475437,199.34366803479318,41.93855198714527,1.8089875322532123,2.3276351758618206,3.482632969525868,2.5787135579896088,9.914146008505085,7.429820386484706
-84.27996286104307,-69.92672665113041,-66.08883164927221,-49.81489233375057,245.26068960732567,148.16000868661237,201.98040601400717,39.47575942634947,3.8093790759390966,2.6839828169134687,0.5211895876691202,4.688961344991789,10.0,8.11456025415153
-95.0,-69.95732883938581,-95.0,-66.14281081781033,253.06985170396416,141.30087867733698,190.42446751465113,41.92705004802486,3.889400993589545,3.5115958322326932,2.1452462457479964,3.318143262577653,9.863592225096417,8.44462602690913
-95.0,-64.48617054850416,-54.97829838791931,-38.17307399263552,242.7920527290558,171.78991880066633,182.78835882347514,15.839919277472985,3.3594715046131296,1.241958155268744,0.3769616055534035,4.3364906840138,9.8567219671069,8.995190095321442
-95.0,-62.61087797114049,-62.005493089846695,-25.0,265.19826981246024,195.20107475877944,200.28971232643724,5.779597794319171,2.5578013169203393,4.262841575600602,1.0442804995408403,4.062346387245135,9.852398193317615,10.0
