K,lr,weight_decay,hidden_channels,heads,val_avg_distance,test_avg_distance
7,0.001,0.0005,128,3,0.3933870792388916,0.4761638939380646
7,0.001,0.0005,128,2,0.380580872297287,0.47808748483657837
6,0.001,0.0001,128,1,0.3808531165122986,0.480275422334671
6,0.001,0.0005,128,2,0.3987192213535309,0.48260241746902466
6,0.001,0.0005,64,3,0.39398661255836487,0.4827198386192322
6,0.005,0.0005,32,1,0.3896307051181793,0.48391491174697876
7,0.001,5e-05,128,1,0.3788885772228241,0.4862714111804962
7,0.001,0.0005,64,3,0.3805241882801056,0.4865211248397827
8,0.001,0.0001,128,1,0.3663882613182068,0.4868299663066864
8,0.001,0.0005,128,2,0.40161389112472534,0.48867157101631165
6,0.001,5e-05,64,2,0.4436677098274231,0.48910874128341675
5,0.001,0.0005,128,2,0.4178886413574219,0.4895283281803131
6,0.001,5e-05,128,1,0.3900810182094574,0.4899430274963379
7,0.001,0.0001,128,2,0.357809841632843,0.4900130331516266
7,0.001,0.0001,128,3,0.3975587785243988,0.49267077445983887
8,0.001,0.0005,64,3,0.393186092376709,0.493495911359787
7,0.001,0.0005,128,1,0.3779031038284302,0.49395233392715454
7,0.001,1e-05,64,2,0.3828808069229126,0.4939819872379303
6,0.001,0.0005,128,3,0.40482139587402344,0.4951053261756897
7,0.001,0.0001,128,1,0.36202770471572876,0.49581485986709595
6,0.005,0.0005,32,3,0.39079713821411133,0.49608099460601807
7,0.001,1e-05,128,2,0.3617578148841858,0.49613648653030396
5,0.001,0.0005,128,3,0.4201979339122772,0.49640634655952454
5,0.001,0.0001,128,2,0.394724577665329,0.4978642463684082
7,0.005,0.0005,64,2,0.43140339851379395,0.49818772077560425
6,0.001,0.0005,128,1,0.4010591506958008,0.4988079369068146
7,0.005,0.0005,32,1,0.37772297859191895,0.49930113554000854
8,0.001,0.0005,128,1,0.3883175849914551,0.5011886358261108
6,0.001,0.0005,64,2,0.45610713958740234,0.5016142725944519
5,0.01,0.0005,32,2,0.3821512460708618,0.5029382109642029
7,0.01,0.0005,32,3,0.3877923786640167,0.5037255883216858
7,0.001,5e-05,64,2,0.3740667700767517,0.5037264823913574
6,0.001,0.0001,128,2,0.37786561250686646,0.5039985179901123
8,0.01,0.0005,32,1,0.38215088844299316,0.5041875839233398
6,0.001,0.0005,32,1,0.3951430022716522,0.5043582320213318
6,0.001,0.0001,64,2,0.4196398854255676,0.5043684840202332
8,0.005,0.0005,64,2,0.4182356595993042,0.5046960115432739
8,0.005,0.0005,32,1,0.37640315294265747,0.5047661662101746
5,0.001,0.0005,128,1,0.41350939869880676,0.5049392580986023
6,0.001,1e-05,64,2,0.4304350018501282,0.5049404501914978
6,0.001,1e-05,128,1,0.36752840876579285,0.5049508213996887
6,0.005,1e-05,64,2,0.37972304224967957,0.5052435994148254
7,0.001,0.0005,64,2,0.4493767023086548,0.5057047009468079
6,0.01,5e-05,128,1,0.33850985765457153,0.5059753656387329
7,0.005,0.0001,128,2,0.37262701988220215,0.5065469741821289
7,0.01,0.0001,128,1,0.3648461103439331,0.5069671869277954
5,0.001,0.0001,128,1,0.38041794300079346,0.5070310235023499
5,0.005,0.0005,128,1,0.4294154644012451,0.507483959197998
5,0.005,0.0005,64,2,0.43750619888305664,0.5075880289077759
6,0.001,5e-05,128,2,0.356569766998291,0.50859534740448
6,0.001,5e-05,32,3,0.3933119475841522,0.5090621113777161
7,0.005,0.0005,128,2,0.39971739053726196,0.5092036128044128
7,0.001,0.0001,64,3,0.3616296648979187,0.5092179179191589
6,0.01,0.0005,64,3,0.4384867548942566,0.5092786550521851
7,0.001,1e-05,128,1,0.36170753836631775,0.5095189213752747
6,0.005,0.0001,128,1,0.36978912353515625,0.51030433177948
6,0.001,1e-05,32,3,0.39244750142097473,0.5107304453849792
6,0.01,0.0005,128,2,0.439316987991333,0.5112990140914917
5,0.005,1e-05,32,2,0.3753115236759186,0.5113325715065002
6,0.001,0.0001,128,3,0.37055519223213196,0.511343777179718
7,0.001,0.0005,32,3,0.3838740587234497,0.5113941431045532
5,0.005,0.0005,32,1,0.3908802270889282,0.5114010572433472
7,0.001,1e-05,128,3,0.3725070059299469,0.5114325284957886
7,0.001,1e-05,32,3,0.36336976289749146,0.5115912556648254
7,0.001,5e-05,128,2,0.35264062881469727,0.5116565823554993
8,0.001,1e-05,64,2,0.40618202090263367,0.5117998123168945
5,0.001,5e-05,128,1,0.38400620222091675,0.5118710994720459
6,0.001,0.0001,64,3,0.370665967464447,0.5120629072189331
8,0.001,5e-05,128,1,0.3678492307662964,0.5121879577636719
8,0.001,0.0005,128,3,0.4164316654205322,0.5125669240951538
5,0.001,5e-05,64,2,0.43302005529403687,0.5126649141311646
6,0.01,1e-05,32,2,0.3826099932193756,0.512670636177063
7,0.001,0.0001,64,2,0.4330621361732483,0.5127310156822205
7,0.001,5e-05,32,3,0.3701235055923462,0.5130937695503235
8,0.001,0.0005,64,2,0.4273199439048767,0.5133357048034668
8,0.001,0.0001,128,2,0.36846446990966797,0.5134939551353455
8,0.001,0.0001,64,2,0.4132736325263977,0.5136895179748535
8,0.001,1e-05,128,1,0.3697841763496399,0.5137684941291809
5,0.001,0.0005,64,3,0.4160996079444885,0.51406329870224
7,0.001,0.0005,64,1,0.40682899951934814,0.5145031213760376
6,0.005,0.0005,64,2,0.4178532660007477,0.5146164298057556
8,0.001,5e-05,64,2,0.4158649444580078,0.51465904712677
7,0.005,0.0001,32,1,0.3481685221195221,0.5153482556343079
8,0.001,0.0005,64,1,0.41131824254989624,0.5159487724304199
6,0.01,0.0001,64,2,0.3798532485961914,0.515967607498169
6,0.001,5e-05,64,3,0.35927093029022217,0.5160778760910034
8,0.001,0.0005,32,2,0.41245585680007935,0.5161536335945129
7,0.001,0.0005,32,1,0.39383572340011597,0.5161610245704651
5,0.001,0.0001,128,3,0.39164435863494873,0.5162668228149414
7,0.001,5e-05,128,3,0.3859647512435913,0.5164880156517029
8,0.001,0.0005,32,1,0.4066984951496124,0.5167054533958435
7,0.005,0.0005,64,1,0.4070799648761749,0.5167999863624573
8,0.01,0.0005,64,3,0.4246903359889984,0.5170690417289734
7,0.005,0.0005,32,2,0.4043213129043579,0.517077624797821
8,0.001,0.0001,128,3,0.36134758591651917,0.5171436071395874
6,0.001,1e-05,64,3,0.36956846714019775,0.5171467065811157
5,0.001,1e-05,128,1,0.3697473406791687,0.5175369381904602
5,0.001,1e-05,64,2,0.4363113045692444,0.5179605484008789
7,0.01,1e-05,32,2,0.35210472345352173,0.5180661678314209
8,0.001,5e-05,32,2,0.37852829694747925,0.5181630253791809
7,0.001,0.0001,32,3,0.3753095269203186,0.5182628035545349
8,0.005,0.0001,128,1,0.36817553639411926,0.5182763338088989
5,0.005,0.0001,128,1,0.3834964632987976,0.5183188319206238
8,0.001,1e-05,32,1,0.3584628701210022,0.5185065865516663
7,0.005,5e-05,64,2,0.38274556398391724,0.5186391472816467
5,0.001,0.0005,32,2,0.4083124101161957,0.5189085602760315
6,0.001,0.0005,32,3,0.39485371112823486,0.5189318060874939
6,0.01,0.0005,32,1,0.3951077461242676,0.5191302299499512
5,0.001,5e-05,128,2,0.3977259397506714,0.5196936726570129
7,0.01,0.0005,32,1,0.37605947256088257,0.5197893381118774
6,0.005,5e-05,32,1,0.35703107714653015,0.519941508769989
8,0.001,1e-05,128,3,0.3678661286830902,0.5200480222702026
7,0.01,0.0001,32,1,0.3697771430015564,0.520937442779541
8,0.001,5e-05,128,2,0.36035722494125366,0.5209454894065857
6,0.005,5e-05,64,1,0.3678797781467438,0.5210733413696289
5,0.005,5e-05,128,3,0.4043569564819336,0.5211076736450195
8,0.005,0.0005,32,2,0.3728315234184265,0.5211549401283264
7,0.005,0.0005,128,3,0.40955543518066406,0.5215612053871155
5,0.005,0.0005,32,3,0.41148027777671814,0.5216399431228638
6,0.005,0.0001,32,2,0.39110034704208374,0.521867573261261
7,0.01,5e-05,32,3,0.3655003607273102,0.521905779838562
8,0.001,0.0005,32,3,0.38753730058670044,0.5219119191169739
5,0.01,0.0005,32,3,0.38297197222709656,0.5220092535018921
7,0.005,0.0005,64,3,0.37925922870635986,0.5220293998718262
7,0.01,0.0001,64,1,0.34535855054855347,0.5227063298225403
8,0.001,1e-05,64,1,0.3720848262310028,0.5228095650672913
8,0.005,0.0005,64,3,0.41545814275741577,0.5233215689659119
6,0.001,0.0001,32,2,0.3945249319076538,0.5234192609786987
8,0.01,0.0005,128,2,0.4027060270309448,0.5237711668014526
6,0.001,0.0005,32,2,0.4274241328239441,0.523887038230896
7,0.005,1e-05,128,1,0.3622805178165436,0.524060070514679
5,0.01,0.0005,32,1,0.41373521089553833,0.5240947008132935
5,0.001,0.0001,64,2,0.41388633847236633,0.5242021083831787
8,0.005,1e-05,64,1,0.37878918647766113,0.5242188572883606
6,0.001,1e-05,64,1,0.38874515891075134,0.5242317914962769
5,0.005,0.0005,32,2,0.3943800628185272,0.5246440172195435
7,0.005,0.0001,64,1,0.36017143726348877,0.5251637697219849
6,0.005,5e-05,128,1,0.363874614238739,0.5256810188293457
5,0.005,5e-05,128,1,0.3813640773296356,0.5257815718650818
5,0.005,5e-05,64,1,0.38865843415260315,0.5260039567947388
8,0.01,0.0001,64,1,0.3533027172088623,0.5260863900184631
6,0.005,0.0001,32,1,0.3889878988265991,0.5267184376716614
6,0.01,0.0005,64,2,0.4490954875946045,0.5271655917167664
7,0.005,0.0001,128,1,0.3637346923351288,0.5272930264472961
7,0.001,5e-05,64,3,0.3571658730506897,0.5273906588554382
6,0.001,1e-05,128,2,0.3655252456665039,0.5274829268455505
8,0.001,5e-05,64,3,0.3869224488735199,0.5275111198425293
6,0.001,0.0005,64,1,0.43725794553756714,0.5277215242385864
7,0.005,5e-05,128,1,0.3765782415866852,0.5277411341667175
6,0.001,5e-05,64,1,0.4067496061325073,0.5278615951538086
6,0.01,1e-05,64,1,0.3796858489513397,0.5278835296630859
5,0.001,0.0005,64,2,0.4431042969226837,0.5279736518859863
7,0.01,0.0005,128,3,0.4286971092224121,0.5279941558837891
8,0.01,0.0005,64,1,0.4018455743789673,0.528312087059021
6,0.01,0.0001,128,1,0.3664594888687134,0.5287011861801147
8,0.01,0.0005,32,2,0.3740144670009613,0.528718888759613
6,0.001,0.0001,32,3,0.37961506843566895,0.5287516713142395
6,0.01,0.0005,128,1,0.4104674458503723,0.5288684368133545
5,0.005,0.0001,128,2,0.3966471254825592,0.5293063521385193
7,0.005,0.0001,64,3,0.3727497160434723,0.5293191075325012
5,0.005,1e-05,64,1,0.3827677369117737,0.5294017195701599
7,0.001,5e-05,32,1,0.39284461736679077,0.5294268131256104
6,0.001,0.0001,64,1,0.37798142433166504,0.5295020937919617
6,0.01,0.0001,64,3,0.3921322226524353,0.5300652384757996
5,0.001,5e-05,32,2,0.38176465034484863,0.530099093914032
5,0.005,0.0001,64,2,0.40111929178237915,0.5301615595817566
6,0.005,1e-05,32,3,0.37807464599609375,0.5302974581718445
5,0.001,5e-05,64,1,0.40983402729034424,0.530356228351593
6,0.01,0.0005,64,1,0.40546488761901855,0.5306189656257629
6,0.005,0.0001,64,3,0.3782077729701996,0.5309287905693054
6,0.001,1e-05,128,3,0.3659643232822418,0.5311874151229858
6,0.005,0.0005,128,1,0.4105815291404724,0.5313140153884888
7,0.001,0.0001,64,1,0.3672940731048584,0.5318931937217712
5,0.001,0.0001,64,1,0.40877246856689453,0.5320236682891846
5,0.001,0.0001,64,3,0.3740723729133606,0.5321604013442993
7,0.005,0.0001,64,2,0.358417272567749,0.5321897864341736
7,0.01,5e-05,32,1,0.3735142946243286,0.5324230194091797
7,0.01,1e-05,64,1,0.34830570220947266,0.5324939489364624
7,0.001,1e-05,32,1,0.40771129727363586,0.5327483415603638
8,0.005,0.0001,128,2,0.35811448097229004,0.5328364968299866
6,0.01,0.0001,64,1,0.3670051693916321,0.5329774022102356
8,0.005,0.0005,128,1,0.3735698163509369,0.5329805016517639
5,0.001,0.0005,64,1,0.44654810428619385,0.5330883860588074
8,0.01,0.0001,32,3,0.3592265844345093,0.533232569694519
6,0.001,5e-05,128,3,0.38499319553375244,0.5335502624511719
5,0.005,5e-05,64,2,0.39450621604919434,0.5336673259735107
8,0.001,0.0001,32,2,0.3912365138530731,0.5338591933250427
7,0.005,5e-05,64,3,0.3550785481929779,0.5338702201843262
6,0.01,1e-05,64,2,0.3565065860748291,0.533934473991394
5,0.005,0.0001,64,1,0.3824872374534607,0.5343325734138489
8,0.001,5e-05,32,3,0.3698706030845642,0.5343629717826843
7,0.005,1e-05,32,1,0.3440345525741577,0.534437358379364
7,0.001,0.0005,32,2,0.44327616691589355,0.5345014929771423
5,0.001,0.0001,32,3,0.4317303001880646,0.5346004962921143
5,0.005,0.0001,32,1,0.39498424530029297,0.5346550941467285
5,0.005,1e-05,32,1,0.4186163544654846,0.5346745252609253
7,0.01,0.0005,64,1,0.39177465438842773,0.534826397895813
7,0.001,1e-05,64,3,0.35660600662231445,0.5348833799362183
5,0.001,1e-05,32,3,0.4033451974391937,0.5350855588912964
6,0.001,5e-05,32,2,0.3783566653728485,0.5351419448852539
6,0.005,0.0005,64,1,0.42180323600769043,0.5354359149932861
7,0.005,0.0005,128,1,0.38819003105163574,0.5355079770088196
8,0.005,1e-05,128,1,0.34764203429222107,0.5356782674789429
8,0.001,5e-05,32,1,0.3672225773334503,0.5356876850128174
8,0.01,0.0005,64,2,0.45257148146629333,0.5357422232627869
8,0.001,1e-05,128,2,0.36129093170166016,0.5357794761657715
8,0.01,0.0001,32,2,0.36320024728775024,0.5360521674156189
8,0.001,1e-05,64,3,0.3731333315372467,0.5361712574958801
7,0.01,5e-05,128,1,0.37120264768600464,0.5366563200950623
7,0.005,5e-05,64,1,0.39181071519851685,0.5367804765701294
5,0.001,0.0005,32,1,0.4292755424976349,0.5369766354560852
5,0.005,1e-05,128,2,0.3666582703590393,0.5372771620750427
8,0.001,1e-05,32,3,0.33980605006217957,0.5374510288238525
6,0.01,0.0001,32,2,0.3839457035064697,0.5378047227859497
6,0.005,0.0001,128,2,0.37077245116233826,0.5378106832504272
6,0.005,1e-05,128,2,0.38617977499961853,0.5383726358413696
8,0.005,0.0005,32,3,0.39077505469322205,0.5384156703948975
7,0.01,0.0001,32,2,0.35098129510879517,0.5385804772377014
5,0.01,0.0001,128,1,0.3979213833808899,0.5386170744895935
5,0.005,0.0005,64,1,0.42636048793792725,0.5387309193611145
8,0.005,0.0005,128,2,0.3853669762611389,0.5389961004257202
8,0.005,5e-05,32,1,0.3448173999786377,0.539084792137146
7,0.01,0.0001,64,3,0.3762027323246002,0.5391554236412048
8,0.001,0.0001,32,1,0.3682151734828949,0.5393011569976807
5,0.001,5e-05,32,3,0.4136348366737366,0.5393499135971069
8,0.001,5e-05,128,3,0.391861230134964,0.5394968390464783
8,0.001,0.0001,32,3,0.35935696959495544,0.5395113825798035
7,0.005,1e-05,64,2,0.3803487718105316,0.5395986437797546
8,0.005,0.0001,32,2,0.35232776403427124,0.5398784875869751
6,0.001,5e-05,32,1,0.42235735058784485,0.540028989315033
6,0.001,1e-05,32,1,0.42312562465667725,0.5400484800338745
7,0.005,1e-05,64,1,0.37111878395080566,0.5401996970176697
6,0.005,1e-05,64,1,0.37527206540107727,0.5404682159423828
5,0.005,5e-05,32,2,0.3914513885974884,0.5406460165977478
5,0.005,0.0005,64,3,0.407623291015625,0.5407826900482178
5,0.01,5e-05,64,1,0.395589679479599,0.5411278009414673
7,0.005,5e-05,128,2,0.38122880458831787,0.5412541627883911
8,0.001,0.0001,64,3,0.3610280156135559,0.5412921905517578
5,0.005,1e-05,128,3,0.4138126075267792,0.5412986278533936
6,0.005,5e-05,128,2,0.38235265016555786,0.5413506031036377
6,0.005,5e-05,32,3,0.3887363076210022,0.541352391242981
5,0.001,1e-05,32,2,0.3971298038959503,0.5415052771568298
5,0.001,1e-05,128,2,0.3912063539028168,0.5417808294296265
7,0.01,5e-05,64,1,0.35854947566986084,0.5419144034385681
7,0.001,1e-05,64,1,0.37995317578315735,0.5421462059020996
8,0.005,1e-05,32,1,0.37567806243896484,0.5422841906547546
5,0.005,1e-05,32,3,0.3960239887237549,0.542452335357666
5,0.001,5e-05,128,3,0.40936899185180664,0.5426622033119202
6,0.01,0.0005,32,2,0.38976582884788513,0.5427238345146179
8,0.001,1e-05,32,2,0.3988955318927765,0.5428993701934814
8,0.005,5e-05,64,1,0.3763693571090698,0.5429061055183411
7,0.01,0.0005,64,2,0.41165679693222046,0.5429147481918335
6,0.01,5e-05,32,1,0.40352851152420044,0.543193519115448
7,0.005,0.0001,32,2,0.3702966570854187,0.5432686805725098
7,0.001,5e-05,64,1,0.3788936138153076,0.5434404611587524
6,0.01,5e-05,32,2,0.3726571202278137,0.5434576272964478
8,0.01,0.0001,128,1,0.357199490070343,0.5435036420822144
8,0.001,5e-05,64,1,0.3558676838874817,0.5436626672744751
6,0.001,1e-05,32,2,0.40742066502571106,0.544184148311615
7,0.001,0.0001,32,1,0.39533111453056335,0.544235110282898
6,0.01,0.0001,32,1,0.407362163066864,0.5447199940681458
5,0.001,0.0005,32,3,0.4263176918029785,0.5447580218315125
8,0.001,0.0001,64,1,0.3601682484149933,0.5448315739631653
6,0.01,5e-05,64,1,0.3760705590248108,0.5456397533416748
6,0.001,0.0001,32,1,0.4142420291900635,0.5461211204528809
8,0.005,0.0001,32,1,0.36705073714256287,0.5461782813072205
8,0.005,5e-05,64,2,0.37431928515434265,0.5462823510169983
8,0.005,5e-05,32,2,0.33640897274017334,0.5465725064277649
5,0.01,5e-05,32,2,0.38482901453971863,0.5468555688858032
7,0.005,0.0001,32,3,0.3590654134750366,0.547288179397583
7,0.01,1e-05,32,3,0.3845288157463074,0.5474538803100586
7,0.005,5e-05,32,3,0.368269145488739,0.547489583492279
8,0.01,5e-05,64,1,0.370827853679657,0.5477356314659119
5,0.01,0.0005,64,1,0.42735153436660767,0.5478549003601074
7,0.01,0.0005,32,2,0.3815828859806061,0.5482017397880554
6,0.005,0.0005,32,2,0.4034431576728821,0.5483478903770447
8,0.005,0.0001,64,1,0.37743186950683594,0.5483766794204712
7,0.005,1e-05,128,2,0.3327596187591553,0.5484163165092468
5,0.001,1e-05,128,3,0.41420525312423706,0.5487142205238342
7,0.01,1e-05,64,2,0.3328852951526642,0.5492492318153381
8,0.005,5e-05,128,3,0.3485061824321747,0.5493385195732117
8,0.005,5e-05,128,1,0.37105903029441833,0.5494257807731628
5,0.001,1e-05,64,1,0.4035762548446655,0.5495402812957764
5,0.001,1e-05,64,3,0.38452234864234924,0.5504962801933289
5,0.005,0.0001,32,2,0.38369160890579224,0.5507291555404663
7,0.01,5e-05,32,2,0.34517520666122437,0.5510336756706238
5,0.01,0.0001,32,2,0.3929988741874695,0.5512632131576538
6,0.005,5e-05,64,2,0.3966822922229767,0.551343560218811
6,0.005,1e-05,128,1,0.3885640501976013,0.5514506697654724
8,0.01,0.0001,64,2,0.41311967372894287,0.5515636205673218
8,0.005,0.0001,32,3,0.34610068798065186,0.5515687465667725
5,0.001,5e-05,64,3,0.36126065254211426,0.5521043539047241
7,0.005,5e-05,128,3,0.36146384477615356,0.5522733926773071
5,0.005,5e-05,32,1,0.3856624960899353,0.5523622035980225
6,0.005,5e-05,32,2,0.39451053738594055,0.5525695085525513
6,0.01,1e-05,32,1,0.36166542768478394,0.5527738332748413
8,0.005,5e-05,32,3,0.3491518497467041,0.5527887344360352
8,0.01,5e-05,32,2,0.3653792142868042,0.5529745817184448
7,0.01,5e-05,64,3,0.3616550862789154,0.5532562732696533
5,0.005,1e-05,64,2,0.4073689579963684,0.5533756613731384
7,0.005,5e-05,32,1,0.3708025813102722,0.5534701347351074
7,0.01,0.0005,128,1,0.41919559240341187,0.5534753799438477
8,0.01,5e-05,32,3,0.35304248332977295,0.5537046194076538
8,0.01,1e-05,128,1,0.3618842363357544,0.5538785457611084
8,0.005,0.0005,64,1,0.41198354959487915,0.5539388060569763
7,0.01,0.0001,128,3,0.4042426347732544,0.5539741516113281
6,0.005,0.0001,32,3,0.391057550907135,0.5542874336242676
8,0.01,0.0005,128,1,0.4285801649093628,0.5543477535247803
6,0.005,0.0001,64,1,0.37530791759490967,0.5546931624412537
6,0.005,1e-05,64,3,0.3654339909553528,0.5548422932624817
6,0.005,1e-05,32,1,0.4034923017024994,0.555036187171936
5,0.001,0.0001,32,2,0.42854198813438416,0.5550369620323181
8,0.01,5e-05,128,1,0.33196985721588135,0.5557387471199036
5,0.01,0.0001,32,1,0.408788800239563,0.5559172630310059
5,0.005,1e-05,128,1,0.37745675444602966,0.556352972984314
8,0.005,1e-05,128,2,0.3442382216453552,0.5567259192466736
6,0.01,0.0005,32,3,0.41823068261146545,0.5568028688430786
8,0.005,0.0001,64,2,0.4022770822048187,0.5570858120918274
6,0.01,5e-05,128,2,0.3833565413951874,0.5571248531341553
8,0.005,5e-05,128,2,0.36259448528289795,0.5575221180915833
6,0.005,0.0001,64,2,0.3855894207954407,0.5578790307044983
8,0.005,0.0001,128,3,0.37507691979408264,0.5579390525817871
8,0.01,5e-05,32,1,0.35348695516586304,0.5579645037651062
5,0.01,1e-05,32,1,0.3883601725101471,0.5579674243927002
7,0.005,0.0005,32,3,0.38716644048690796,0.5580236315727234
5,0.001,5e-05,32,1,0.41355180740356445,0.5586888790130615
7,0.001,5e-05,32,2,0.39938342571258545,0.5592821836471558
8,0.01,1e-05,32,1,0.34922903776168823,0.5602587461471558
5,0.01,5e-05,32,1,0.40182751417160034,0.560266375541687
5,0.005,5e-05,128,2,0.389010488986969,0.5606266856193542
5,0.01,0.0001,32,3,0.3787164092063904,0.5613045692443848
6,0.01,0.0001,128,2,0.38240867853164673,0.5617611408233643
7,0.001,1e-05,32,2,0.40744468569755554,0.5625975131988525
5,0.01,1e-05,64,2,0.40098896622657776,0.5627166032791138
6,0.01,0.0001,32,3,0.36324548721313477,0.5627235770225525
8,0.005,1e-05,32,2,0.35386234521865845,0.5629870295524597
5,0.01,0.0005,64,2,0.4365057349205017,0.5630297064781189
5,0.001,0.0001,32,1,0.4126143157482147,0.563862144947052
6,0.005,1e-05,32,2,0.39427322149276733,0.5643821954727173
5,0.01,0.0001,64,2,0.40563902258872986,0.564519464969635
6,0.01,5e-05,64,2,0.4170783758163452,0.5646739602088928
5,0.005,0.0001,128,3,0.43549150228500366,0.5648053884506226
7,0.005,5e-05,32,2,0.36548495292663574,0.5649972558021545
7,0.005,1e-05,128,3,0.3649085760116577,0.56516432762146
5,0.01,5e-05,128,3,0.4814951717853546,0.5655419826507568
7,0.001,0.0001,32,2,0.3931453227996826,0.5656886696815491
5,0.01,0.0001,64,1,0.4387158155441284,0.565780520439148
6,0.01,1e-05,128,1,0.3779933452606201,0.5658332109451294
5,0.01,1e-05,64,1,0.347304105758667,0.5659531354904175
8,0.01,0.0001,32,1,0.34584179520606995,0.5660423040390015
5,0.005,0.0005,128,3,0.4273297190666199,0.5665587186813354
7,0.01,0.0001,32,3,0.3559172451496124,0.5667678117752075
5,0.005,0.0001,64,3,0.3925783038139343,0.5672418475151062
7,0.01,1e-05,32,1,0.36562424898147583,0.5675936937332153
8,0.01,1e-05,32,2,0.36828839778900146,0.5682635307312012
8,0.005,5e-05,64,3,0.3479718267917633,0.5693233609199524
5,0.001,1e-05,32,1,0.4188094735145569,0.5693387389183044
5,0.01,5e-05,32,3,0.41197288036346436,0.5702735781669617
8,0.005,1e-05,64,2,0.3729124367237091,0.5707043409347534
7,0.01,0.0001,128,2,0.38574135303497314,0.5711057186126709
7,0.005,0.0001,128,3,0.37656599283218384,0.5720241665840149
7,0.005,1e-05,32,2,0.3572843670845032,0.5723626613616943
5,0.01,5e-05,128,1,0.3839722275733948,0.572378933429718
6,0.01,5e-05,64,3,0.37041938304901123,0.5727903246879578
6,0.005,5e-05,64,3,0.3692821264266968,0.5739886164665222
8,0.01,1e-05,64,1,0.352628231048584,0.5742615461349487
5,0.01,0.0001,64,3,0.4290068745613098,0.5755255222320557
7,0.01,5e-05,128,2,0.3728179335594177,0.5767423510551453
7,0.01,1e-05,128,1,0.3795815110206604,0.5772916674613953
8,0.005,0.0005,128,3,0.3978267014026642,0.5786328911781311
6,0.005,0.0005,128,2,0.3958617150783539,0.5786378383636475
5,0.01,5e-05,64,3,0.4135169982910156,0.5790484547615051
5,0.01,0.0005,128,1,0.4098539352416992,0.5796062350273132
6,0.01,1e-05,128,2,0.37353846430778503,0.5798198580741882
8,0.01,0.0001,128,2,0.409790962934494,0.5804727673530579
7,0.01,0.0005,64,3,0.4268905818462372,0.5808020234107971
8,0.01,1e-05,32,3,0.34606024622917175,0.5809991359710693
6,0.01,1e-05,64,3,0.35561129450798035,0.5811925530433655
5,0.005,5e-05,32,3,0.4249867796897888,0.5822095274925232
8,0.005,1e-05,64,3,0.35456815361976624,0.5831856727600098
8,0.005,1e-05,32,3,0.3576309382915497,0.5847547054290771
7,0.005,1e-05,32,3,0.37727874517440796,0.586270809173584
8,0.01,0.0001,64,3,0.40852248668670654,0.5873296856880188
5,0.01,0.0005,64,3,0.43885207176208496,0.5876820683479309
8,0.01,5e-05,128,3,0.3789607286453247,0.5881051421165466
5,0.01,1e-05,32,2,0.3791261315345764,0.5887743234634399
5,0.01,1e-05,128,3,0.4116160273551941,0.5890004634857178
5,0.005,5e-05,64,3,0.43929654359817505,0.5892354846000671
8,0.01,5e-05,128,2,0.35080277919769287,0.5897535085678101
6,0.005,1e-05,128,3,0.38317909836769104,0.5899815559387207
8,0.01,1e-05,64,2,0.36015892028808594,0.59009850025177
7,0.01,1e-05,128,3,0.34588223695755005,0.5901316404342651
5,0.01,0.0005,128,2,0.4431896209716797,0.5903403759002686
8,0.01,0.0005,128,3,0.4719545543193817,0.5909287333488464
5,0.01,1e-05,128,1,0.3526826500892639,0.5940886735916138
5,0.01,5e-05,64,2,0.4037434458732605,0.5945231318473816
6,0.01,1e-05,128,3,0.40578198432922363,0.5951588153839111
5,0.01,1e-05,32,3,0.3832803964614868,0.5956703424453735
5,0.01,1e-05,64,3,0.4116101861000061,0.5963260531425476
5,0.005,0.0001,32,3,0.4144447445869446,0.5966127514839172
8,0.005,1e-05,128,3,0.3412916362285614,0.5975865125656128
7,0.01,5e-05,64,2,0.3779735267162323,0.5987574458122253
6,0.005,5e-05,128,3,0.36993300914764404,0.6013120412826538
8,0.005,0.0001,64,3,0.3664132356643677,0.6015489101409912
6,0.005,0.0001,128,3,0.3903517723083496,0.6028319597244263
5,0.01,1e-05,128,2,0.45515191555023193,0.6039132475852966
8,0.01,5e-05,64,2,0.415768563747406,0.6054852604866028
6,0.005,0.0005,64,3,0.4242520332336426,0.6065241694450378
8,0.01,1e-05,64,3,0.35321658849716187,0.6092814803123474
7,0.01,0.0001,64,2,0.38421010971069336,0.6147696375846863
6,0.01,5e-05,128,3,0.39767974615097046,0.6151560544967651
7,0.01,1e-05,64,3,0.3735298216342926,0.6155107021331787
5,0.01,5e-05,128,2,0.4374949634075165,0.6157442927360535
7,0.005,1e-05,64,3,0.3862857520580292,0.6162883043289185
6,0.01,5e-05,32,3,0.3703807592391968,0.6172831654548645
5,0.005,0.0005,128,2,0.4218721091747284,0.6185076832771301
7,0.01,1e-05,128,2,0.3919511139392853,0.618574321269989
6,0.005,0.0005,128,3,0.4379269480705261,0.6197524070739746
8,0.01,0.0001,128,3,0.38056743144989014,0.6313522458076477
6,0.01,0.0001,128,3,0.4082856774330139,0.6327599883079529
7,0.01,5e-05,128,3,0.40456002950668335,0.6434310078620911
5,0.01,0.0001,128,2,0.4136836528778076,0.6495872735977173
8,0.01,1e-05,128,3,0.3603307604789734,0.6581385135650635
5,0.005,1e-05,64,3,0.3836400508880615,0.6601419448852539
6,0.01,0.0005,128,3,0.5247814655303955,0.6632475852966309
5,0.01,0.0005,128,3,0.4514808654785156,0.6636937856674194
8,0.01,1e-05,128,2,0.36122608184814453,0.6658153533935547
8,0.01,5e-05,64,3,0.37758669257164,0.6935637593269348
8,0.01,0.0005,32,3,0.39697760343551636,0.7079258561134338
5,0.01,0.0001,128,3,0.42142394185066223,0.7501625418663025
7,0.01,0.0005,128,2,0.40661880373954773,0.7711498737335205
6,0.01,1e-05,32,3,0.3855210542678833,0.818403422832489
